Car	Key	Me	Manteo	Kudos	Wiki
2017 Abarth 124 Spider                                             	Power	123	186 hp | 139 kW	123	
2017 Abarth 124 Spider                                             	Torque	250	184 ftlb | 249 Nm		
2017 Abarth 124 Spider                                             	Doors	2	1		
2020 Acura #6 ARX-05 DPi                                           	Doors	2	1		
2018 Acura #36 NSX GT3                                             	Torque	550	405 ftlb | 549 Nm		
2018 Acura #36 NSX GT3                                             	Doors	2	1		
2017 Acura NSX                                                     	Doors	2	1		
2001 Acura Integra Type R                                          	Model	Integra Type R	Integra Type R	Integra Type R	Integra Type-R
2001 Acura Integra Type R                                          	Doors	2	1		
2017 Alfa Romeo Giulia Quadrifoglio                                	Torque	600	442 ftlb | 599 Nm		
2017 Alfa Romeo Giulia Quadrifoglio                                	Doors	4	1		
2014 Alfa Romeo 4C                                                 	Mass	1128	2077 lb | 942 kg	1128	
2014 Alfa Romeo 4C                                                 	Doors	2	1		
2011 Alfa Romeo Giulietta Quadrifoglio Verde                       	Power	172	231 hp | 172 kW	190	
2011 Alfa Romeo Giulietta Quadrifoglio Verde                       	Mass	1320	2910 lb | 1320 kg	1242	
2011 Alfa Romeo Giulietta Quadrifoglio Verde                       	Doors	3	1		
1965 Alfa Romeo Giulia Sprint GTA Stradale                         	Doors	2	1		
2017 Alpine A110                                                   	Doors	2	1		
1990 Alpine GTA Le Mans                                            	Nickname	Alpine GTA '90	Renault GTA	Alpine GTA '90	
1990 Alpine GTA Le Mans                                            	EngPos	R	R		M
1990 Alpine GTA Le Mans                                            	Doors	2	1		
1971 AMC Javelin AMX                                               	Doors	2	1		
1970 AMC Rebel 'The Machine'                                       	Model	Rebel 'The Machine'	Rebel _The Machine_	Rebel 'The Machine'	Rebel _The Machine_
1970 AMC Rebel 'The Machine'                                       	Doors	2	1		
2018 Apollo Intensa Emozione                                       	Doors	2	1		
2013 Ariel Atom 500 V8                                             	Doors	0	1		
2023 Aston Martin Valkyrie                                         	Torque	900	663 ftlb | 899 Nm		
2023 Aston Martin Valkyrie                                         	Doors	2	1		
2022 Aston Martin Valkyrie AMR Pro                                 	Torque	740	545 ftlb | 739 Nm		
2022 Aston Martin Valkyrie AMR Pro                                 	Doors	2	1		
2019 Aston Martin DBS Superleggera                                 	Doors	2	1		
2019 Aston Martin Valhalla Concept Car                             	PI	927	927	977	927
2019 Aston Martin Valhalla Concept Car                             	Doors	2	1		
2019 Aston Martin Vantage                                          	Mass	1585	3494 lb | 1585 kg	1586	
2019 Aston Martin Vantage                                          	Doors	2	1		
2017 Aston Martin #7 Aston Martin Racing V12 Vantage GT3           	Nickname	AM #7 Vantage	#7 Aston GT3	AM #7 Vantage	
2017 Aston Martin #7 Aston Martin Racing V12 Vantage GT3           	Power	447	600 hp | 447 kW	448	
2017 Aston Martin #7 Aston Martin Racing V12 Vantage GT3           	Mass	1335	2943 lb | 1335 kg	1338	
2017 Aston Martin #7 Aston Martin Racing V12 Vantage GT3           	Doors	2	1		
2017 Aston Martin Vanquish Zagato Coupe                            	Model	Vanquish Zagato Coupe	Vanquish Zagato Coupe	Vanquish Zagato Coupe	Vanquish Zagato Coupé
2017 Aston Martin Vanquish Zagato Coupe                            	Doors	2	1		
2017 Aston Martin Vulcan AMR Pro                                   	Power	611	820 hp | 611 kW	612	
2017 Aston Martin Vulcan AMR Pro                                   	Doors	2	1		
2016 Aston Martin Vulcan                                           	Doors	2	1		
2015 Aston Martin Vantage GT12                                     	Nickname	AM GT12 '15	AM Vantage '16	AM GT12 '15	
2015 Aston Martin Vantage GT12                                     	Doors	2	1		
2013 Aston Martin V12 Vantage S                                    	B	3.3	3.3	4.6	3.3
2013 Aston Martin V12 Vantage S                                    	A	4.6	4.6	3.3	4.6
2013 Aston Martin V12 Vantage S                                    	Doors	2	1		
2008 Aston Martin DBS                                              	Power	380	510 hp | 380 kW	485	
2008 Aston Martin DBS                                              	Mass	1695	3737 lb | 1695 kg	1321	
2008 Aston Martin DBS                                              	Doors	2	1		
2001 Aston Martin V12 Vanquish                                     	Doors	2	1		
1998 Aston Martin V8 Vantage V600                                  	Power	447	600 hp | 447 kW	448	
1998 Aston Martin V8 Vantage V600                                  	Torque	814	600 ftlb | 813 Nm		
1998 Aston Martin V8 Vantage V600                                  	Mass	2002	4414 lb | 2002 kg	1623	
1998 Aston Martin V8 Vantage V600                                  	Doors	2	1		
1989 Aston Martin #18 Aston Martin AMR1                            	Nickname	AM #18 AMR1	#18 AMR1	AM #18 AMR1	
1989 Aston Martin #18 Aston Martin AMR1                            	Power	552	740 hp | 552 kW	500	
1989 Aston Martin #18 Aston Martin AMR1                            	Mass	996	2196 lb | 996 kg	910	
1989 Aston Martin #18 Aston Martin AMR1                            	Doors	2	1		
1967 Aston Martin DBS                                              	Doors	2	1		
1964 Aston Martin DB5                                              	Power	210	282 hp | 210 kW	242	
1964 Aston Martin DB5                                              	Mass	1565	3450 lb | 1565 kg	1465	
1964 Aston Martin DB5                                              	Doors	2	1		
1960 Aston Martin DB4 GT Zagato                                    	Doors	2	1		
1958 Aston Martin DBR1                                             	Mass	903	1990 lb | 903 kg	875	
1958 Aston Martin DBR1                                             	Doors	2	1		
2021 Audi RS 6 Avant (C8/5G)                                       	Doors	5	1		
2021 Audi RS 7 Sportback (4K8)                                     	Doors	4	1		
2021 Audi RS e-tron GT                                             	Displ	0	0		
2021 Audi RS e-tron GT                                             	Doors	4	1		
2020 Audi R8 V10 performance (Type 4S)                             	Doors	2	1		
2020 Audi RS 3 Sedan (8Y)                                          	Doors	4	1		
2020 Audi TT RS Coupe (Mk3 8S)                                     	Doors	2	1		
2018 Audi #1 Audi Sport RS 3 LMS                                   	Doors	4	1		
2018 Audi #44 R8 LMS GT3 (Type 4S)                                 	Doors	2	1		
2018 Audi RS 4 Avant (B9/8W)                                       	Torque	600	442 ftlb | 599 Nm		
2018 Audi RS 4 Avant (B9/8W)                                       	Doors	5	1		
2018 Audi RS 5 Coupe (F5)                                          	Model	RS 5 Coupe	RS 5 Coupe		RS 5 Coupé
2018 Audi RS 5 Coupe (F5)                                          	Doors	2	1		
2018 Audi TT RS (Mk3 8S)                                           	Doors	2	1		
2016 Audi #17 Rotek Racing TT RS                                   	Mass	1080	2381 lb | 1080 kg	1100	
2016 Audi #17 Rotek Racing TT RS                                   	Doors	2	1		
2016 Audi R8 V10 plus (Type 4S)                                    	Power	449	602 hp | 449 kW	455	
2016 Audi R8 V10 plus (Type 4S)                                    	Mass	1645	3627 lb | 1645 kg	1555	
2016 Audi R8 V10 plus (Type 4S)                                    	Doors	2	1		
2015 Audi RS 6 Avant (C7/4G)                                       	Doors	2	1		
2015 Audi S1 (8X)                                                  	Doors	3	1		
2014 Audi #2 Audi Team Joest R18 e-tron quattro                    	Power	565	758 hp | 565 kW	533	
2014 Audi #2 Audi Team Joest R18 e-tron quattro                    	Torque	1300	958 ftlb | 1299 Nm		
2014 Audi #2 Audi Team Joest R18 e-tron quattro                    	Mass	911	2008 lb | 911 kg	888	
2014 Audi #2 Audi Team Joest R18 e-tron quattro                    	Doors	2	1		
2013 Audi R8 Coupé V10 plus 5.2 FSI quattro (Type 42)              	Doors	2	1		
2013 Audi RS 4 Avant (B8/8K)                                       	Doors	5	1		
2013 Audi RS 7 Sportback (4G8)                                     	Doors	4	1		
2011 Audi RS 3 Sportback (8P)                                      	Doors	5	1		
2006 Audi RS 4 (B7/8E)                                             	Doors	4	1		
2004 Audi S4 (B7/8E)                                               	Power	254	340 hp | 254 kW	271	
2004 Audi S4 (B7/8E)                                               	Mass	1735	3825 lb | 1735 kg	1627	
2004 Audi S4 (B7/8E)                                               	Doors	4	1		
2003 Audi RS 6 (C5/4B)                                             	Mass	1840	4057 lb | 1840 kg	1825	
2003 Audi RS 6 (C5/4B)                                             	Doors	4	1		
2001 Audi RS 4 Avant (B5/8D)                                       	Doors	5	1		
1995 Audi Avant RS2 (8C)                                           	Model	Avant RS2	Avant RS 2	Avant RS 2	
1995 Audi Avant RS2 (8C)                                           	Doors	5	1		
1989 Audi #4 Audi 90 quattro IMSA GTO                              	Nickname	Audi #4 90 GTO	#4 Audi 90	Audi #4 90 GTO	
1989 Audi #4 Audi 90 quattro IMSA GTO                              	Power	530	711 hp | 530 kW	442	
1989 Audi #4 Audi 90 quattro IMSA GTO                              	Mass	1206	2659 lb | 1206 kg	1207	
1989 Audi #4 Audi 90 quattro IMSA GTO                              	Doors	4	1		
1984 Audi Sport quattro (B2/85)                                    	Year	1984	1984	1983	1984 
1984 Audi Sport quattro (B2/85)                                    	Torque	351	258 ftlb | 350 Nm		
1984 Audi Sport quattro (B2/85)                                    	Mass	1300	2866 lb | 1300 kg	1273	
1984 Audi Sport quattro (B2/85)                                    	Doors	2	1		
1965 Austin-Healey 3000 MkIII                                      	Doors	2	1		
1939 Auto Union Type D                                             	Doors	0	1		
2020 Automobili Pininfarina Battista                               	Displ	0	0		
2020 Automobili Pininfarina Battista                               	Doors	2	1		
2014 BAC Mono                                                      	Torque	280	206 ftlb | 279 Nm		
2014 BAC Mono                                                      	Doors	0	1		
2017 Bentley Continental Supersports                               	Torque	1017	749 ftlb | 1016 Nm		
2017 Bentley Continental Supersports                               	Doors	2	1		
2014 Bentley #17 M-Sport Bentley Continental GT3                   	Doors	2	1		
2003 Bentley #7 Team Bentley Speed 8                               	Torque	800	589 ftlb | 799 Nm		
2003 Bentley #7 Team Bentley Speed 8                               	Doors	2	1		
2023 BMW M2 (G87)                                                  	Doors	2	1		
2021 BMW M3 Competition Sedan (G80)                                	Doors	4	1		
2021 BMW M4 Competition Coupé (G82)                                	Doors	2	1		
2020 BMW M2 Competition Coupé (F87)                                	Torque	550	405 ftlb | 549 Nm		
2020 BMW M2 Competition Coupé (F87)                                	Doors	2	1		
2020 BMW M8 Competition Coupé (F92)                                	Model	M8 Competition Coupé	M8 Competition Coupé		M8 Competition Coupe
2020 BMW M8 Competition Coupé (F92)                                	Doors	2	1		
2019 BMW Z4 Roadster (G29)                                         	Torque	501	369 ftlb | 500 Nm		
2019 BMW Z4 Roadster (G29)                                         	Doors	2	1		
2019 BMW Z4 Roadster (G29)                                         	Topless	False	True		
2018 BMW #1 BMW M Motorsport M8 GTE                                	Doors	2	1		
2018 BMW M5 (F90)                                                  	Doors	5	1		
2017 BMW #24 BMW Team RLL M6 GTLM                                  	Doors	2	1		
2016 BMW M4 GTS (F82)                                              	Doors	2	1		
2015 BMW i8                                                        	Torque	570	420 ftlb | 569 Nm		
2015 BMW i8                                                        	Doors	2	1		
2013 BMW M6 Coupé (F13)                                            	Doors	2	1		
2012 BMW M5 (F10)                                                  	Doors	5	1		
2011 BMW 1 Series M Coupé                                          	Model	1 Series M Coupé	1 Series M Coupé		1 Series M Coupe
2011 BMW 1 Series M Coupé                                          	Doors	2	1		
2010 BMW M3 GTS (E92)                                              	Torque	440	324 ftlb | 439 Nm		
2010 BMW M3 GTS (E92)                                              	Doors	2	1		
2005 BMW M3 (E46)                                                  	Doors	2	1		
2002 BMW M3-GTR (E46)                                              	Power	279	375 hp | 280 kW		
2002 BMW M3-GTR (E46)                                              	Torque	390	287 ftlb | 389 Nm		
2002 BMW M3-GTR (E46)                                              	Doors	2	1		
2002 BMW Z3 M Coupé (E36/8)                                        	Torque	341	251 ftlb | 340 Nm		
2002 BMW Z3 M Coupé (E36/8)                                        	Doors	3	1		
2000 BMW 323ti Sport (E46/5)                                       	Doors	3	1		
1999 BMW #15 BMW Motorsport V12 LMR                                	Power	432	580 hp | 433 kW		
1999 BMW #15 BMW Motorsport V12 LMR                                	Mass	967	2133 lb | 968 kg		
1999 BMW #15 BMW Motorsport V12 LMR                                	Doors	0	1		
1997 BMW M3 (E36)                                                  	Doors	2	1		
1995 BMW 850CSi (E31)                                              	Doors	2	1		
1991 BMW M3 (E30)                                                  	Doors	2	1		
1988 BMW M5 (E28)                                                  	Doors	5	1		
1981 BMW M1 (E26)                                                  	Doors	2	1		
1979 BMW #6 BMW Motorsport M1 Procar                               	Torque	390	287 ftlb | 389 Nm		
1979 BMW #6 BMW Motorsport M1 Procar                               	Doors	2	1		
1975 BMW #25 BMW Motorsport 3.0 CSL                                	Doors	2	1		
1973 BMW 2002 Turbo                                                	Doors	2	1		
2019 Brabham BT62                                                  	PI	911	911		756
2019 Brabham BT62                                                  	S	6.3	6.3		4.2
2019 Brabham BT62                                                  	B	7.7	7.7		4.7
2019 Brabham BT62                                                  	H	7.8	7.8		4.9
2019 Brabham BT62                                                  	A	7.8	7.8		6.1
2019 Brabham BT62                                                  	Mass	1066	2349 lb | 1065 kg		
2019 Brabham BT62                                                  	Doors	2	1		
1967 Brabham BT24                                                  	PI	756	756		911
1967 Brabham BT24                                                  	S	4.2	4.2		6.3
1967 Brabham BT24                                                  	B	4.7	4.7		7.7
1967 Brabham BT24                                                  	H	4.9	4.9		7.8
1967 Brabham BT24                                                  	A	6.1	6.1		7.8
1967 Brabham BT24                                                  	Doors	0	1		
1964 Brabham BT8                                                   	EngCfg	I	 		
1964 Brabham BT8                                                   	Doors	0	1		
1974 BRM #14 Team Motul P201                                       	Doors	0	1		
2019 Bugatti Divo                                                  	Torque	1601	1180 ftlb | 1600 Nm		
2019 Bugatti Divo                                                  	Ind	T4	TT		
2019 Bugatti Divo                                                  	Doors	2	1		
2018 Bugatti Chiron                                                	Ind	T4	TT		
2018 Bugatti Chiron                                                	Doors	2	1		
2011 Bugatti Veyron Super Sport                                    	Torque	1500	1105 ftlb | 1498 Nm		
2011 Bugatti Veyron Super Sport                                    	Ind	T4	TT		
2011 Bugatti Veyron Super Sport                                    	Doors	2	1		
1992 Bugatti EB110 Super Sport                                     	Doors	2	1		
1926 Bugatti Type 35 C                                             	Doors	0	1		
1987 Buick Regal GNX                                               	Doors	2	1		
1985 Buick #6 Performance Motorsports Somerset Regal Trans-Am      	Doors	2	1		
1970 Buick GSX                                                     	Doors	2	1		
2023 Cadillac #01 Cadillac Racing V-Series.R                       	Doors	2	1		
2023 Cadillac #2 Cadillac Racing V-Series.R                        	Doors	2	1		
2023 Cadillac #31 Whelen Engineering Cadillac Racing V-Series.R    	Doors	2	1		
2022 Cadillac CT4-V Blackwing                                      	Doors	4	1		
2022 Cadillac CT5-V Blackwing                                      	Doors	4	1		
2021 Cadillac #31 Whelen Racing DPi-V.R                            	Power	432	580 hp | 433 kW		
2021 Cadillac #31 Whelen Racing DPi-V.R                            	Doors	2	1		
2018 Cadillac #57 TA CTS-V                                         	Doors	2	1		
2016 Cadillac ATS-V                                                	Torque	603	444 ftlb | 602 Nm		
2016 Cadillac ATS-V                                                	Doors	2	1		
2016 Cadillac CTS-V Sedan                                          	Doors	4	1		
2015 Cadillac #3 Cadillac Racing ATS-V.R                           	Torque	706	520 ftlb | 705 Nm		
2015 Cadillac #3 Cadillac Racing ATS-V.R                           	Doors	2	1		
2013 Caterham Superlight R500                                      	Doors	0	1		
1966 Chaparral #66 Chaparral Cars 2E                               	Torque	577	425 ftlb | 576 Nm		
1966 Chaparral #66 Chaparral Cars 2E                               	Doors	2	1		
2024 Chevrolet Corvette E-Ray (C8)                                 	Doors	2	1		
2023 Chevrolet Corvette Z06 (C8)                                   	Doors	2	1		
2020 Chevrolet #3 Corvette Racing C8.R                             	Doors	2	1		
2020 Chevrolet Corvette Stingray Coupe (C8)                        	PI	678	678		700
2020 Chevrolet Corvette Stingray Coupe (C8)                        	S	4.8	4.8		4.3
2020 Chevrolet Corvette Stingray Coupe (C8)                        	B	3.7	3.7		4.3
2020 Chevrolet Corvette Stingray Coupe (C8)                        	H	3.7	3.7		4.4
2020 Chevrolet Corvette Stingray Coupe (C8)                        	A	5.3	5.3		5.2
2020 Chevrolet Corvette Stingray Coupe (C8)                        	Torque	637	469 ftlb | 636 Nm		
2020 Chevrolet Corvette Stingray Coupe (C8)                        	Mass	1623	3577 lb | 1622 kg		
2020 Chevrolet Corvette Stingray Coupe (C8)                        	Doors	2	1		
2020 Chevrolet Corvette Stingray Coupe Forza Edition (C8)          	Doors	2	1		
2019 Chevrolet Corvette ZR1 (C7)                                   	Doors	2	1		
2018 Chevrolet #23 Ruman Racing TA Corvette                        	Doors	2	1		
2018 Chevrolet Camaro ZL1 1LE                                      	PI	667	667		700
2018 Chevrolet Camaro ZL1 1LE                                      	S	5.3	5.3		4.9
2018 Chevrolet Camaro ZL1 1LE                                      	B	4	4.0		4.6
2018 Chevrolet Camaro ZL1 1LE                                      	H	3.7	3.7		4.5
2018 Chevrolet Camaro ZL1 1LE                                      	A	4.5	4.5		4.6
2018 Chevrolet Camaro ZL1 1LE                                      	Doors	2	1		
2018 Chevrolet Camaro ZL1 1LE Forza Edition                        	Doors	2	1		
2017 Chevrolet Camaro ZL1                                          	Doors	2	1		
2016 Chevrolet Camaro Super Sport                                  	Doors	2	1		
2015 Chevrolet #10 Konica Minolta Corvette Daytona Prototype       	Power	432	580 hp | 433 kW		
2015 Chevrolet #10 Konica Minolta Corvette Daytona Prototype       	Doors	2	1		
2015 Chevrolet Corvette Z06 (C7)                                   	Doors	2	1		
2014 Chevrolet #3 Corvette Racing Corvette C7.R                    	Doors	2	1		
2010 Chevrolet #55 Level 5 Motorsports Oreca FLM09                 	Torque	630	464 ftlb | 629 Nm		
2010 Chevrolet #55 Level 5 Motorsports Oreca FLM09                 	Doors	0	1		
2009 Chevrolet Corvette ZR1 (C6)                                   	Doors	2	1		
2002 Chevrolet Camaro 35th Anniversary Super Sport (_Catfish_)     	Doors	2	1		
2002 Chevrolet Corvette Z06 (C5)                                   	Doors	2	1		
1995 Chevrolet Corvette ZR-1 (C4)                                  	Doors	2	1		
1990 Chevrolet Camaro IROC-Z                                       	Doors	2	1		
1988 Chevrolet Monte Carlo Super Sport                             	Doors	2	1		
1976 Chevrolet #76 Greenwood Corvette (C3)                         	Power	552	700 hp | 522 kW		
1976 Chevrolet #76 Greenwood Corvette (C3)                         	Doors	2	1		
1970 Chevrolet Camaro Z28                                          	Doors	2	1		
1970 Chevrolet Chevelle Super Sport 454                            	Doors	2	1		
1970 Chevrolet Corvette ZR-1 (C3)                                  	Doors	2	1		
1969 Chevrolet Camaro Super Sport Coupe                            	Doors	2	1		
1969 Chevrolet Nova Super Sport 396                                	Doors	2	1		
1967 Chevrolet Corvette Stingray 427 (C2)                          	Doors	2	1		
1972 Chrysler VH Valiant Charger R/T E49                           	Doors	2	1		
2011 Citroën DS 3 Racing                                           	Doors	3	1		
1979 Datsun #33 280ZX Turbo (S130)                                 	Torque	882	650 ftlb | 881 Nm		
1979 Datsun #33 280ZX Turbo (S130)                                 	Mass	1164	2565 lb | 1163 kg		
1979 Datsun #33 280ZX Turbo (S130)                                 	Doors	2	1		
1970 Datsun 510                                                    	Doors	2	1		
1969 Datsun 2000 Roadster                                          	Doors	2	1		
2019 Dodge #9 American V8 Road Racing TA Challenger                	Doors	2	1		
2018 Dodge Challenger SRT Demon                                    	PI	679	680		679
2018 Dodge Challenger SRT Demon                                    	Torque	1045	770 ftlb | 1044 Nm		
2018 Dodge Challenger SRT Demon                                    	Mass	1941	4248 lb | 1927 kg		
2018 Dodge Challenger SRT Demon                                    	Doors	2	1		
2016 Dodge Viper ACR (VX)                                          	Doors	2	1		
2015 Dodge Charger SRT Hellcat                                     	Doors	4	1		
2014 Dodge #93 SRT Motorsports Viper GTS-R (VX)                    	Torque	706	520 ftlb | 705 Nm		
2014 Dodge #93 SRT Motorsports Viper GTS-R (VX)                    	Doors	2	1		
2013 Dodge Dart GT                                                 	Doors	4	1		
2012 Dodge Challenger SRT8                                         	Model	Challenger SRT8	Challenger SRT8		Challenger SRT8 392
2012 Dodge Challenger SRT8                                         	Doors	2	1		
2008 Dodge Viper SRT10 ACR (ZB II)                                 	Doors	2	1		
2005 Dodge SRT-4 ACR                                               	Power	171	230 hp | 172 kW		
2005 Dodge SRT-4 ACR                                               	Doors	4	1		
1999 Dodge Viper GTS ACR (SR II)                                   	Doors	2	1		
1996 Dodge Stealth R/T Turbo                                       	Doors	2	1		
1986 Dodge Shelby Omni GLHS                                        	Doors	5	1		
1970 Dodge Challenger R/T                                          	Torque	665	490 ftlb | 664 Nm		
1970 Dodge Challenger R/T                                          	Doors	2	1		
1970 Dodge Coronet Super Bee                                       	Doors	2	1		
1969 Dodge Charger Daytona HEMI                                    	Doors	2	1		
1969 Dodge Charger R/T                                             	Doors	2	1		
2013 Donkervoort D8 GTO                                            	Doors	2	1		
1998 Eagle Talon TSi Turbo                                         	Doors	2	1		
1967 Eagle-Weslake T1G                                             	Torque	330	243 ftlb | 329 Nm		
1967 Eagle-Weslake T1G                                             	Doors	0	1		
2019 Elemental Rp1                                                 	Model	Rp1	RP1		RP1
2019 Elemental Rp1                                                 	Doors	0	1		
2018 Exomotive Exocet Sport V8 XP-5                                	Torque	660	486 ftlb | 659 Nm		
2018 Exomotive Exocet Sport V8 XP-5                                	Doors	0	1		
2022 Ferrari 296 GTB (F171)                                        	Torque	900	663 ftlb | 899 Nm		
2022 Ferrari 296 GTB (F171)                                        	Doors	2	1		
2020 Ferrari Roma (F169)                                           	Torque	760	560 ftlb | 759 Nm		
2020 Ferrari Roma (F169)                                           	Doors	2	1		
2020 Ferrari SF90 Stradale (F173)                                  	Torque	1238	912 ftlb | 1237 Nm		
2020 Ferrari SF90 Stradale (F173)                                  	Doors	2	1		
2019 Ferrari #62 Risi Competizione 488 GTE (F142M)                 	Torque	730	538 ftlb | 729 Nm		
2019 Ferrari #62 Risi Competizione 488 GTE (F142M)                 	Doors	2	1		
2019 Ferrari 488 Pista (F142M)                                     	Doors	2	1		
2019 Ferrari F8 Tributo (F142FML)                                  	Torque	770	567 ftlb | 769 Nm		
2019 Ferrari F8 Tributo (F142FML)                                  	Doors	2	1		
2019 Ferrari Monza SP2                                             	Doors	2	1		
2018 Ferrari FXX-K Evo (F150)                                      	SpecType	Race	Factory		
2018 Ferrari FXX-K Evo (F150)                                      	Doors	2	1		
2018 Ferrari Portofino (F164)                                      	Doors	2	1		
2018 Ferrari Portofino (F164)                                      	Topless	False	True		
2017 Ferrari #25 Corse Clienti 488 Challenge (F148M)               	Torque	760	560 ftlb | 759 Nm		
2017 Ferrari #25 Corse Clienti 488 Challenge (F148M)               	Doors	2	1		
2017 Ferrari 812 Superfast (F152M)                                 	Doors	2	1		
2017 Ferrari J50 (F142M)                                           	Doors	2	1		
2015 Ferrari 488 GTB (F142M)                                       	PI	753	754		753
2015 Ferrari 488 GTB (F142M)                                       	Torque	760	560 ftlb | 759 Nm		
2015 Ferrari 488 GTB (F142M)                                       	Doors	2	1		
2015 Ferrari F12tdf (F152)                                         	Doors	2	1		
2014 Ferrari California T (F149M)                                  	Doors	2	1		
2014 Ferrari California T (F149M)                                  	Topless	False	True		
2014 Ferrari FXX K (F150)                                          	Power	772	1036 hp | 773 kW		
2014 Ferrari FXX K (F150)                                          	Torque	901	664 ftlb | 900 Nm		
2014 Ferrari FXX K (F150)                                          	Doors	2	1		
2013 Ferrari 458 Speciale (F142)                                   	Doors	2	1		
2013 Ferrari LaFerrari (F150)                                      	Power	708	963 hp | 718 kW		
2013 Ferrari LaFerrari (F150)                                      	Torque	900	663 ftlb | 899 Nm		
2013 Ferrari LaFerrari (F150)                                      	Doors	2	1		
2012 Ferrari 599XX Evolution (F141)                                	Doors	2	1		
2010 Ferrari 599XX (F141)                                          	Torque	650	479 ftlb | 649 Nm		
2010 Ferrari 599XX (F141)                                          	Doors	2	1		
2009 Ferrari 458 Italia (F142)                                     	Doors	2	1		
2007 Ferrari 430 Scuderia (F131)                                   	Torque	470	346 ftlb | 469 Nm		
2007 Ferrari 430 Scuderia (F131)                                   	Mass	1350	2975 lb | 1349 kg		
2007 Ferrari 430 Scuderia (F131)                                   	Doors	2	1		
2003 Ferrari 360 Challenge Stradale (F131)                         	Doors	2	1		
2002 Ferrari 575M Maranello (F133)                                 	Displ	5,7	4943		
2002 Ferrari 575M Maranello (F133)                                 	Doors	2	1		
2002 Ferrari Enzo Ferrari (F140)                                   	Torque	657	484 ftlb | 656 Nm		
2002 Ferrari Enzo Ferrari (F140)                                   	Doors	2	1		
1998 Ferrari #12 Risi Competizione F333 SP                         	Torque	448	330 ftlb | 447 Nm		
1998 Ferrari #12 Risi Competizione F333 SP                         	Doors	2	1		
1996 Ferrari F50 GT (F130)                                         	Torque	520	383 ftlb | 519 Nm		
1996 Ferrari F50 GT (F130)                                         	Doors	2	1		
1995 Ferrari F50 (F130)                                            	Doors	2	1		
1994 Ferrari F355 Berlinetta (F129)                                	Doors	2	1		
1992 Ferrari 512 TR (F110)                                         	Doors	2	1		
1990 Ferrari #1 Scuderia Ferrari 641                               	Doors	0	1		
1989 Ferrari F40 Competizione (F120)                               	Power	515	780 hp | 582 kW		
1989 Ferrari F40 Competizione (F120)                               	Torque	714	526 ftlb | 713 Nm		
1989 Ferrari F40 Competizione (F120)                               	Doors	2	1		
1987 Ferrari F40 (F120)                                            	Doors	2	1		
1984 Ferrari 288 GTO (F114)                                        	Doors	2	1		
1982 Ferrari #72 N.A.R.T. 512 BB/LM                                	Torque	451	332 ftlb | 450 Nm		
1982 Ferrari #72 N.A.R.T. 512 BB/LM                                	Doors	2	1		
1976 Ferrari #1 Scuderia Ferrari 312 T2                            	Doors	0	1		
1970 Ferrari 512 S                                                 	Doors	2	1		
1969 Ferrari Dino 246 GT                                           	Mass	1132	2497 lb | 1133 kg		
1969 Ferrari Dino 246 GT                                           	Doors	2	1		
1967 Ferrari #24 Ferrari Spa 330 P4                                	Doors	2	1		
1964 Ferrari F-158                                                 	Model	F-158	F-158 F1		F-158 F1
1964 Ferrari F-158                                                 	Doors	0	1		
1963 Ferrari 250LM                                                 	Torque	314	231 ftlb | 313 Nm		
1963 Ferrari 250LM                                                 	Doors	2	1		
1962 Ferrari 250 GT Berlinetta Lusso                               	Doors	2	1		
1962 Ferrari 250 GTO                                               	Doors	2	1		
1957 Ferrari 250 Testa Rossa                                       	Doors	2	1		
1948 Ferrari 166 Inter Sport                                       	Doors	0	1		
2020 Ford Mustang Shelby GT500 (S550)                              	Doors	2	1		
2018 Ford #98 Breathless Pro Racing TA Mustang                     	Doors	2	1		
2018 Ford Mustang GT (S550)                                        	Doors	2	1		
2017 Ford #17 Shell V-Power Racing Team Falcon FG X                	Doors	4	1		
2017 Ford Focus RS (C346 MkIII)                                    	Doors	5	1		
2017 Ford GT                                                       	Doors	2	1		
2016 Ford #66 Ford Racing GT Le Mans                               	Doors	2	1		
2016 Ford Shelby GT-350R (S550)                                    	Model	Shelby GT-350R	Shelby GT350R		
2016 Ford Shelby GT-350R (S550)                                    	Doors	2	1		
2015 Ford #02 Chip Ganassi Racing Riley Mk XXVI Daytona Prototype  	Torque	733	540 ftlb | 732 Nm		
2015 Ford #02 Chip Ganassi Racing Riley Mk XXVI Daytona Prototype  	Doors	2	1		
2015 Ford Falcon GT F 351                                          	Doors	4	1		
2014 Ford #17 AMD Tuning Focus ST BTCC                             	Doors	5	1		
2009 Ford Focus RS (C307 MkII)                                     	Doors	3	1		
2005 Ford GT                                                       	Model	Ford GT	Ford GT		GT
2005 Ford GT                                                       	Doors	2	1		
2003 Ford Focus RS (C170 MkI)                                      	Doors	3	1		
2000 Ford SVT Cobra R (SN95)                                       	Doors	2	1		
1999 Ford Racing Puma                                              	Doors	3	1		
1993 Ford SVT Cobra R (_Foxbody_)                                  	Doors	2	1		
1992 Ford Escort RS Cosworth (MkV)                                 	Doors	2	1		
1992 Ford Falcon GT                                                	Doors	4	1		
1991 Ford #15 Roush Racing Whistler Mustang (_Foxbody_)            	Torque	740	545 ftlb | 739 Nm		
1991 Ford #15 Roush Racing Whistler Mustang (_Foxbody_)            	Mass	1247	2748 lb | 1246 kg		
1991 Ford #15 Roush Racing Whistler Mustang (_Foxbody_)            	Doors	2	1		
1987 Ford Sierra Cosworth RS500                                    	Doors	2	1		
1986 Ford Escort RS Turbo (MkIII _Erika_)                          	Doors	3	1		
1986 Ford Mustang SVO (_Foxbody_)                                  	Doors	3	1		
1982 Ford #6 Zakspeed Roush Mustang IMSA GT (_Foxbody_)            	Torque	448	330 ftlb | 447 Nm		
1982 Ford #6 Zakspeed Roush Mustang IMSA GT (_Foxbody_)            	Doors	2	1		
1981 Ford #2 Zakspeed Racing Capri Turbo                           	Torque	402	296 ftlb | 401 Nm		
1981 Ford #2 Zakspeed Racing Capri Turbo                           	Doors	2	1		
1981 Ford Fiesta XR2                                               	Doors	3	1		
1977 Ford Escort RS1800 (MkII)                                     	Doors	2	1		
1973 Ford Escort RS1600 (MkI)                                      	Power	85	113 hp | 84 kW		
1973 Ford Escort RS1600 (MkI)                                      	Doors	2	1		
1973 Ford XB Falcon GT                                             	Doors	2	1		
1969 Ford Mustang Boss 302                                         	Doors	2	1		
1968 Ford Mustang GT 2+2 Fastback                                  	Doors	2	1		
1966 Ford #2 GT40 Mk II Le Mans                                    	Model	#2 GT40 Mk II Le Mans	#2 GT40 MkII Le Mans		#2 GT40 Mk II Le Mans
1966 Ford #2 GT40 Mk II Le Mans                                    	Doors	2	1		
1966 Ford Lotus Cortina                                            	Doors	2	1		
1965 Ford Mustang GT Coupe                                         	Doors	2	1		
1964 Ford GT40 MKI                                                 	Model	GT40 MKI	GT40 Mk I		GT40 Mk I
1964 Ford GT40 MKI                                                 	EngPos	M	M		F
1964 Ford GT40 MKI                                                 	Doors	2	1		
2019 Ginetta #6 Team LNT Ginetta G60-LT-P1                         	Torque	850	626 ftlb | 849 Nm		
2019 Ginetta #6 Team LNT Ginetta G60-LT-P1                         	Doors	2	1		
2019 Ginetta G40 Junior                                            	Doors	2	1		
2019 Ginetta G55 GT4                                               	Doors	2	1		
2022 Gordon Murray Automotive T.50                                 	Power	489	655 hp | 488 kW		
2022 Gordon Murray Automotive T.50                                 	Torque	467	344 ftlb | 466 Nm		
2022 Gordon Murray Automotive T.50                                 	Doors	2	1		
2017 Holden #22 Walkinshaw Performance VF Commodore                	Doors	4	1		
1988 Holden VL Commodore Group A SV                                	Doors	4	1		
1977 Holden Torana A9X                                             	Doors	2	1		
1973 Holden HQ Monaro GTS 350                                      	Doors	2	1		
1968 Holden Monaro GTS 327 (HK)                                    	Doors	2	1		
2020 Honda #73 LA Honda World Racing Civic (FK8)                   	Doors	5	1		
2018 Honda Civic Type R (FK8)                                      	Doors	5	1		
2009 Honda S2000 CR                                                	Doors	2	1		
2005 Honda NSX-R                                                   	Doors	2	1		
2004 Honda Civic Type R (EP3)                                      	Doors	2	1		
2000 Honda Prelude Type SH                                         	Doors	2	1		
1997 Honda Civic Type R (EK9)                                      	Doors	3	1		
1992 Honda NSX-R                                                   	Doors	2	1		
1991 Honda CR-X SiR                                                	Doors	3	1		
1970 Honda S800                                                    	Doors	2	1		
1967 Honda RA300                                                   	Doors	0	1		
2014 HSV GEN-F GTS                                                 	Doors	4	1		
1996 HSV GTSR                                                      	Doors	4	1		
2020 Hyundai #98 Bryan Herta Autosport Veloster N                  	Doors	3	1		
2019 Hyundai Veloster N                                            	PI	468	468		497
2019 Hyundai Veloster N                                            	S	3.6	3.6		2.8
2019 Hyundai Veloster N                                            	B	2.6	2.6		3.3
2019 Hyundai Veloster N                                            	H	2.7	2.7		3.5
2019 Hyundai Veloster N                                            	A	2.7	2.7		2.6
2019 Hyundai Veloster N                                            	Doors	3	1		
2019 Hyundai Veloster N Forza Edition                              	Doors	3	1		
2014 Infiniti Q50 Eau Rouge                                        	Torque	600	442 ftlb | 599 Nm		
2014 Infiniti Q50 Eau Rouge                                        	Doors	4	1		
2012 Infiniti IPL G Coupe                                          	Power	259	348 hp | 260 kW		
2012 Infiniti IPL G Coupe                                          	Torque	375	276 ftlb | 374 Nm		
2012 Infiniti IPL G Coupe                                          	Doors	2	1		
2003 Infiniti G35 Coupe                                            	Doors	2	1		
2015 Jaguar F-Type R Coupé                                         	Model	F-Type R Coupé	F-TYPE R Coupé		F-TYPE R Coupe
2015 Jaguar F-Type R Coupé                                         	Doors	2	1		
2015 Jaguar XFR-S (X250)                                           	Doors	5	1		
2015 Jaguar XKR-S GT (X150)                                        	Doors	2	1		
1993 Jaguar XJ220                                                  	Doors	2	1		
1993 Jaguar XJ220S TWR                                             	Doors	2	1		
1991 Jaguar Sport XJR-15                                           	Doors	2	1		
1988 Jaguar #1 Jaguar Racing XJR-9                                 	Torque	828	610 ftlb | 827 Nm		
1988 Jaguar #1 Jaguar Racing XJR-9                                 	Doors	2	1		
1983 Jaguar #44 Group 44 XJR-5                                     	Torque	584	430 ftlb | 583 Nm		
1983 Jaguar #44 Group 44 XJR-5                                     	Doors	2	1		
1961 Jaguar E-type                                                 	Doors	2	1		
1959 Jaguar Mk II 3.8                                              	Torque	326	240 ftlb | 325 Nm		
1959 Jaguar Mk II 3.8                                              	SpecType	Factory	Race		
1959 Jaguar Mk II 3.8                                              	Doors	4	1		
2020 Koenigsegg Jesko                                              	Torque	1500	1105 ftlb | 1498 Nm		
2020 Koenigsegg Jesko                                              	Doors	2	1		
2017 Koenigsegg Agera RS                                           	Doors	2	1		
2020 KTM X-Bow GT2                                                 	Division	Forza GT	Forza GT		Modern Factory Racecars
2020 KTM X-Bow GT2                                                 	Doors	2	1		
2018 KTM X-Bow GT4                                                 	Doors	2	1		
2013 KTM X-Bow R                                                   	Doors	0	1		
2020 Lamborghini Essenza SCV12                                     	Year	2020	2020		2021 
2020 Lamborghini Essenza SCV12                                     	Division	Forza GT	Forza GT		Modern Factory Racecars
2020 Lamborghini Essenza SCV12                                     	SpecType	Race	Factory		
2020 Lamborghini Essenza SCV12                                     	Doors	2	1		
2020 Lamborghini Huracán EVO                                       	Torque	600	442 ftlb | 599 Nm		
2020 Lamborghini Huracán EVO                                       	Doors	2	1		
2020 Lamborghini Huracán STO                                       	Torque	565	416 ftlb | 564 Nm		
2020 Lamborghini Huracán STO                                       	Doors	2	1		
2019 Lamborghini Sián FKP 37                                       	Doors	2	1		
2018 Lamborghini #63 Squadra Corse Huracán Super Trofeo Evo        	Torque	570	420 ftlb | 569 Nm		
2018 Lamborghini #63 Squadra Corse Huracán Super Trofeo Evo        	Mass	1358	2995 lb | 1359 kg		
2018 Lamborghini #63 Squadra Corse Huracán Super Trofeo Evo        	Doors	2	1		
2018 Lamborghini Aventador SVJ                                     	Doors	2	1		
2018 Lamborghini Huracán Performante                               	Torque	600	442 ftlb | 599 Nm		
2018 Lamborghini Huracán Performante                               	Doors	2	1		
2016 Lamborghini Aventador Superveloce                             	A	6.7	4.7		6.7
2016 Lamborghini Aventador Superveloce                             	Torque	690	508 ftlb | 689 Nm		
2016 Lamborghini Aventador Superveloce                             	Doors	2	1		
2016 Lamborghini Centenario LP 770-4                               	Torque	690	508 ftlb | 689 Nm		
2016 Lamborghini Centenario LP 770-4                               	Doors	2	1		
2015 Lamborghini #63 Squadra Corse Huracán LP620-2 Super Trofeo    	Model	#63 Squadra Corse Huracán LP620-2 Super Trofeo	#63 Squadra Corse Huracan LP620-2 Super Trofeo		#63 Squadra Corse Huracán LP620-2 Super Trofeo
2015 Lamborghini #63 Squadra Corse Huracán LP620-2 Super Trofeo    	PI	814	815		814
2015 Lamborghini #63 Squadra Corse Huracán LP620-2 Super Trofeo    	Torque	570	420 ftlb | 569 Nm		
2015 Lamborghini #63 Squadra Corse Huracán LP620-2 Super Trofeo    	Mass	1358	2995 lb | 1359 kg		
2015 Lamborghini #63 Squadra Corse Huracán LP620-2 Super Trofeo    	Doors	2	1		
2014 Lamborghini Huracán LP 610-4                                  	Doors	2	1		
2013 Lamborghini Veneno                                            	Torque	690	508 ftlb | 689 Nm		
2013 Lamborghini Veneno                                            	Doors	2	1		
2012 Lamborghini Aventador J                                       	Power	515	700 hp | 522 kW		
2012 Lamborghini Aventador J                                       	Doors	2	1		
2011 Lamborghini Gallardo LP 570-4 Superleggera                    	Doors	2	1		
2011 Lamborghini Sesto Elemento                                    	SpecType	Factory	Race		
2011 Lamborghini Sesto Elemento                                    	Doors	2	1		
2010 Lamborghini Murciélago LP 670-4 SV                            	Torque	660	486 ftlb | 659 Nm		
2010 Lamborghini Murciélago LP 670-4 SV                            	Doors	2	1		
1999 Lamborghini Diablo GTR                                        	Doors	2	1		
1997 Lamborghini Diablo SV                                         	Doors	2	1		
1988 Lamborghini Countach LP5000 QV                                	Doors	2	1		
1973 Lamborghini Espada 400 GT                                     	Doors	2	1		
1972 Lamborghini Jarama S                                          	Mass	1535	3389 lb | 1537 kg		
1972 Lamborghini Jarama S                                          	Doors	2	1		
1967 Lamborghini Miura P400                                        	Doors	2	1		
1992 Lancia Delta HF Integrale EVO                                 	Doors	5	1		
2021 Lexus LC 500                                                  	Doors	2	1		
2020 Lexus #14 VASSER SULLIVAN RC F GT3                            	Doors	2	1		
2020 Lexus RC F Track Edition                                      	Doors	2	1		
2015 Lexus RC F                                                    	Doors	2	1		
2014 Lexus IS 350 F Sport                                          	Doors	4	1		
2013 Lexus GS350 F Sport                                           	Doors	4	1		
2010 Lexus LFA                                                     	Doors	2	1		
2016 Ligier #11 Eurointernational JS P3                            	Model	#11 Eurointernational JS P3	#11 Euro International JS P3		#11 Eurointernational JS P3
2016 Ligier #11 Eurointernational JS P3                            	Doors	2	1		
1969 Lola #10 Simoniz Special T163                                 	Doors	2	1		
1969 Lola #6 Sunoco T70 MkIIIB                                     	Doors	2	1		
2023 Lotus Emira                                                   	Doors	2	1		
2020 Lotus Evija                                                   	Displ	0	0		
2020 Lotus Evija                                                   	Doors	2	1		
2016 Lotus 3-Eleven                                                	Torque	417	308 ftlb | 418 Nm		
2016 Lotus 3-Eleven                                                	EngCfg	V	I		
2016 Lotus 3-Eleven                                                	Doors	0	1		
2011 Lotus Evora S                                                 	Power	257	346 hp | 258 kW		
2011 Lotus Evora S                                                 	Doors	2	1		
2002 Lotus Esprit V8                                               	Doors	2	1		
1986 Lotus #12 Team Lotus 98T                                      	Doors	0	1		
1976 Lotus #5 Team Lotus 77                                        	Mass	686	1511 lb | 685 kg		
1976 Lotus #5 Team Lotus 77                                        	Doors	0	1		
1971 Lotus Elan Sprint                                             	Doors	2	1		
1967 Lotus Type 49                                                 	Doors	0	1		
1965 Lotus #1 Team Lotus Type 40                                   	Torque	550	405 ftlb | 549 Nm		
1965 Lotus #1 Team Lotus Type 40                                   	Mass	946	2087 lb | 947 kg		
1965 Lotus #1 Team Lotus Type 40                                   	Doors	2	1		
1965 Lotus Team Lotus type 35                                      	Doors	0	1		
2021 Lynk & Co 03+                                                 	Doors	4	1		
2020 Lynk & Co #62 Cyan Racing 03                                  	Doors	4	1		
2014 Maserati Ghibli S Q4                                          	Doors	4	1		
2004 Maserati MC12                                                 	Torque	652	480 ftlb | 651 Nm		
2004 Maserati MC12                                                 	Doors	2	1		
1997 Maserati Ghibli Cup                                           	Doors	2	1		
1961 Maserati Tipo 61 Birdcage                                     	Power	187	250 hp | 186 kW		
1961 Maserati Tipo 61 Birdcage                                     	Doors	2	1		
1957 Maserati 300 S                                                	Doors	2	1		
1953 Maserati A6GCS/53 PininFarina Berlinetta                      	Doors	2	1		
1939 Maserati 8CTF                                                 	Doors	0	1		
1970 Matra-Simca #146 Equipe Matra-Simca MS650 Tour de France      	Doors	2	1		
2017 Mazda MX-5 Cup (ND)                                           	Doors	2	1		
2016 Mazda MX-5 (ND)                                               	Doors	2	1		
2015 Mazda Formula Mazda                                           	Doors	0	1		
2014 Mazda #70 SpeedSource Lola B12/80                             	Mass	952	2100 lb | 953 kg		
2014 Mazda #70 SpeedSource Lola B12/80                             	Doors	2	1		
2013 Mazda MX-5 (NC)                                               	Doors	2	1		
2011 Mazda RX-8 R3                                                 	Doors	2	1		
2002 Mazda RX-7 Spirit R Type-A (FD)                               	Doors	2	1		
1997 Mazda RX-7 (FD)                                               	Doors	2	1		
1994 Mazda MX-5 Miata (NA)                                         	Doors	2	1		
1992 Mazda 323 GT-R                                                	Doors	3	1		
1991 Mazda #55 Mazda 787B                                          	Torque	608	448 ftlb | 607 Nm		
1991 Mazda #55 Mazda 787B                                          	Doors	2	1		
1991 Mazda #62 RX-7 (FC)                                           	Model	#62 RX-7	#62 Mazda Motorsport RX-7		
1991 Mazda #62 RX-7 (FC)                                           	Power	447	640 hp | 477 kW		
1991 Mazda #62 RX-7 (FC)                                           	Doors	2	1		
1990 Mazda MX-5 Miata (NA)                                         	Power	86	116 hp | 87 kW		
1990 Mazda MX-5 Miata (NA)                                         	Doors	2	1		
1990 Mazda Savanna RX-7 (FC)                                       	Doors	2	1		
1985 Mazda RX-7 GSL-SE (FB)                                        	Doors	2	1		
1973 Mazda RX-3                                                    	Doors	2	1		
1972 Mazda Cosmo 110S Series II                                    	Doors	2	1		
2021 McLaren 620R                                                  	Doors	2	1		
2021 McLaren 765LT Coupe                                           	Model	765LT Coupe	765LT Coupe		765LT
2021 McLaren 765LT Coupe                                           	Doors	2	1		
2021 McLaren Sabre                                                 	Torque	801	590 ftlb | 800 Nm		
2021 McLaren Sabre                                                 	Ind	TT	NA		
2021 McLaren Sabre                                                 	Doors	2	1		
2020 McLaren GT                                                    	Doors	2	1		
2019 McLaren #03 720S GT3                                          	Doors	2	1		
2019 McLaren 720S Spider                                           	Torque	770	567 ftlb | 769 Nm		
2019 McLaren 720S Spider                                           	Mass	1473	3157 lb | 1432 kg		
2019 McLaren 720S Spider                                           	Doors	2	1		
2019 McLaren 720S Spider                                           	Topless	False	True		
2019 McLaren Senna GTR                                             	Torque	801	590 ftlb | 800 Nm		
2019 McLaren Senna GTR                                             	Doors	2	1		
2018 McLaren 600LT Coupé                                           	Doors	2	1		
2018 McLaren 720S Coupe                                            	Torque	770	567 ftlb | 769 Nm		
2018 McLaren 720S Coupe                                            	Doors	2	1		
2018 McLaren Senna                                                 	Doors	2	1		
2015 McLaren 650S Coupe                                            	Model	650S Coupe	650S Coupe		650S Coupé
2015 McLaren 650S Coupe                                            	Doors	2	1		
2015 McLaren P1 GTR                                                	Doors	2	1		
2013 McLaren P1                                                    	Power	674	903 hp | 673 kW		
2013 McLaren P1                                                    	Torque	900	683 ftlb | 926 Nm		
2013 McLaren P1                                                    	Doors	2	1		
1997 McLaren F1 GT                                                 	SpecType	Factory	Race		
1997 McLaren F1 GT                                                 	Doors	2	1		
1993 McLaren F1                                                    	Doors	2	1		
1988 McLaren #12 Honda McLaren MP4/4                               	Power	504	675 hp | 503 kW		
1988 McLaren #12 Honda McLaren MP4/4                               	Torque	424	312 ftlb | 423 Nm		
1988 McLaren #12 Honda McLaren MP4/4                               	Doors	0	1		
1976 McLaren #11 Team McLaren M23                                  	Doors	0	1		
1969 McLaren #4 McLaren Cars M8B                                   	Power	473	635 hp | 474 kW		
1969 McLaren #4 McLaren Cars M8B                                   	Doors	2	1		
1966 McLaren #4 Bruce McLaren Motor Racing M1B                     	Torque	600	442 ftlb | 599 Nm		
1966 McLaren #4 Bruce McLaren Motor Racing M1B                     	Doors	0	1		
1966 McLaren M2B                                                   	Doors	0	1		
2021 Mercedes-AMG ONE                                              	Model	Mercedes-AMG ONE	Mercedes-AMG ONE		One
2021 Mercedes-AMG ONE                                              	Doors	2	1		
2020 Mercedes-AMG GT Black Series (R190)                           	Year	2020	2020		2021 
2020 Mercedes-AMG GT Black Series (R190)                           	Doors	2	1		
2018 Mercedes-AMG E 63 S (W213)                                    	Doors	4	1		
2018 Mercedes-AMG GT 4-Door Coupé (X290)                           	Doors	4	1		
2018 Mercedes-AMG GT3                                              	Doors	2	1		
2017 Mercedes-AMG GT R (R190)                                      	Doors	2	1		
2016 Mercedes-AMG C 63 S Coupé (W205)                              	PI	601	601		700
2016 Mercedes-AMG C 63 S Coupé (W205)                              	S	5.5	5.5		5.2
2016 Mercedes-AMG C 63 S Coupé (W205)                              	B	3.3	3.3		4.5
2016 Mercedes-AMG C 63 S Coupé (W205)                              	H	2.9	2.9		4.2
2016 Mercedes-AMG C 63 S Coupé (W205)                              	A	4.4	4.4		5.0
2016 Mercedes-AMG C 63 S Coupé (W205)                              	Doors	2	1		
2016 Mercedes-AMG C 63 S Coupé Forza Edition (W205)                	Power	430	516 hp | 385 kW		
2016 Mercedes-AMG C 63 S Coupé Forza Edition (W205)                	Torque	803	530 ftlb | 719 Nm		
2016 Mercedes-AMG C 63 S Coupé Forza Edition (W205)                	Mass	1770	3601 lb | 1633 kg		
2016 Mercedes-AMG C 63 S Coupé Forza Edition (W205)                	Doors	2	1		
2017 Mercedes-Benz #33 Mac Tools Ciceley Motorsports A-Class (A45) 	Power	261	334 hp | 249 kW		
2017 Mercedes-Benz #33 Mac Tools Ciceley Motorsports A-Class (A45) 	Torque	427	292 ftlb | 396 Nm		
2017 Mercedes-Benz #33 Mac Tools Ciceley Motorsports A-Class (A45) 	Doors	5	1		
2013 Mercedes-Benz A 45 AMG (W176)                                 	Doors	5	1		
2012 Mercedes-Benz C 63 AMG Coupé Black Series (W204)              	Model	C 63 AMG Coupé Black Series	C 63 AMG Coupé Black Series		C 63 AMG Coupe Black Series
2012 Mercedes-Benz C 63 AMG Coupé Black Series (W204)              	Doors	2	1		
2012 Mercedes-Benz SLK 55 AMG (R172)                               	Doors	2	1		
2011 Mercedes-Benz SLS AMG (R197)                                  	Torque	650	479 ftlb | 649 Nm		
2011 Mercedes-Benz SLS AMG (R197)                                  	Doors	2	1		
2009 Mercedes-Benz SL 65 AMG Black Series (R230)                   	Doors	2	1		
2004 Mercedes-Benz C 32 AMG (W203)                                 	Model	C 32 AMG	C 32 AMG		C32 AMG
2004 Mercedes-Benz C 32 AMG (W203)                                 	Doors	4	1		
1990 Mercedes-Benz 190E 2.5-16 Evolution II (W201)                 	Torque	246	181 ftlb | 245 Nm		
1990 Mercedes-Benz 190E 2.5-16 Evolution II (W201)                 	Mass	1350	2954 lb | 1340 kg		
1990 Mercedes-Benz 190E 2.5-16 Evolution II (W201)                 	Doors	4	1		
1989 Mercedes-Benz #63 Sauber-Mercedes C 9                         	Power	559	800 hp | 597 kW		
1989 Mercedes-Benz #63 Sauber-Mercedes C 9                         	Torque	810	600 ftlb | 813 Nm		
1989 Mercedes-Benz #63 Sauber-Mercedes C 9                         	Doors	2	1		
1955 Mercedes-Benz 300 SLR (W196S)                                 	Mass	1098	2442 lb | 1108 kg		
1954 Mercedes-Benz 300 SL Coupé (W198)                             	Model	300 SL Coupé	300 SL Coupé		300 SL Coupe
1954 Mercedes-Benz 300 SL Coupé (W198)                             	Doors	2	1		
1939 Mercedes-Benz W154                                            	Torque	490	361 ftlb | 489 Nm		
1939 Mercedes-Benz W154                                            	Doors	0	1		
1990 Mercury #15 Whistler Radar Cougar XR-7                        	Torque	760	560 ftlb | 759 Nm		
1990 Mercury #15 Whistler Radar Cougar XR-7                        	Doors	2	1		
1970 Mercury Cougar Eliminator                                     	Doors	2	1		
1986 Merkur #11 MAC Tools XR4Ti                                    	Torque	760	560 ftlb | 759 Nm		
1986 Merkur #11 MAC Tools XR4Ti                                    	Doors	2	1		
2021 MG MG6 XPower                                                 	Doors	4	1		
2020 MG #20 MG6 XPower                                             	Torque	410	302 ftlb | 409 Nm		
2020 MG #20 MG6 XPower                                             	Mass	1260	2910 lb | 1320 kg		
2020 MG #20 MG6 XPower                                             	Doors	4	1		
1966 MG MGB GT                                                     	Doors	2	1		
1958 MG MGA Twin-Cam                                               	Doors	2	1		
2021 Mini John Cooper Works GP                                     	Make	Mini	MINI		Mini
2021 Mini John Cooper Works GP                                     	Doors	2	1		
2012 Mini John Cooper Works GP                                     	Make	Mini	MINI		Mini
2012 Mini John Cooper Works GP                                     	Torque	280	206 ftlb | 279 Nm		
2012 Mini John Cooper Works GP                                     	Doors	3	1		
1965 Mini Cooper S                                                 	Make	Mini	MINI		Mini
1965 Mini Cooper S                                                 	Doors	2	1		
2008 Mitsubishi Lancer Evolution X GSR                             	Doors	4	1		
2006 Mitsubishi Lancer Evolution IX MR                             	Doors	4	1		
2004 Mitsubishi Lancer Evolution VIII MR                           	Power	206	277 hp | 207 kW		
2004 Mitsubishi Lancer Evolution VIII MR                           	Doors	4	1		
1999 Mitsubishi Lancer Evolution VI GSR                            	Doors	4	1		
1998 Mitsubishi FTO GP Version R                                   	Mass	1150	2519 lb | 1143 kg		
1998 Mitsubishi FTO GP Version R                                   	Doors	2	1		
1997 Mitsubishi GTO                                                	Doors	2	1		
1995 Mitsubishi Eclipse GSX                                        	Doors	2	1		
1992 Mitsubishi Galant VR-4                                        	Doors	2	1		
2016 NIO EP9                                                       	Displ	0	0		
2016 NIO EP9                                                       	Doors	2	1		
2023 Nissan Z (RZ34)                                               	Doors	2	1		
2020 Nissan GT-R NISMO (R35)                                       	Doors	2	1		
2019 Nissan 370Z Nismo (Z34)                                       	Doors	2	1		
2018 Nissan Sentra NISMO                                           	Doors	4	1		
2017 Nissan Altima Racecar                                         	Doors	4	1		
2017 Nissan GT-R (R35)                                             	Doors	2	1		
2015 Nissan #23 GT-R LM NISMO                                      	Torque	1206	889 ftlb | 1205 Nm		
2015 Nissan #23 GT-R LM NISMO                                      	Doors	2	1		
2003 Nissan Fairlady Z (Z33)                                       	Doors	2	1		
2002 Nissan Skyline GT-R V-Spec II (R34)                           	Doors	2	1		
2000 Nissan Silvia Spec-R (S15)                                    	Doors	2	1		
1999 Nissan #23 NISMO Clarion R391                                 	Torque	618	455 ftlb | 617 Nm		
1999 Nissan #23 NISMO Clarion R391                                 	Mass	967	2133 lb | 968 kg		
1999 Nissan #23 NISMO Clarion R391                                 	Doors	0	1		
1998 Nissan R390 (GT1)                                             	Doors	2	1		
1998 Nissan Silvia K's Aero (S14)                                  	Doors	2	1		
1997 Nissan Skyline GT-R V-Spec (R33)                              	Doors	2	1		
1994 Nissan Fairlady Z Version S Twin Turbo (Z32)                  	Doors	2	1		
1994 Nissan Silvia K's (S14)                                       	Doors	2	1		
1993 Nissan 240SX SE (S13)                                         	Doors	2	1		
1993 Nissan Skyline GT-R V-Spec (R32 _Godzilla_)                   	Drive	AWD	AWD		RWD
1993 Nissan Skyline GT-R V-Spec (R32 _Godzilla_)                   	Doors	2	1		
1992 Nissan Silvia CLUB K's (S13)                                  	Doors	2	1		
1991 Nissan #23 Nissan R91CP                                       	Power	597	671 hp | 500 kW		
1991 Nissan #23 Nissan R91CP                                       	Doors	2	1		
1990 Nissan Pulsar GTI-R                                           	Model	Pulsar GTI-R	Pulsar GTi-R		Pulsar GTI-R
1990 Nissan Pulsar GTI-R                                           	Doors	3	1		
1988 Nissan #33 Bob Sharp Racing 300ZX                             	Torque	690	508 ftlb | 689 Nm		
1988 Nissan #33 Bob Sharp Racing 300ZX                             	Doors	2	1		
1987 Nissan Skyline GTS-R (HR31)                                   	Doors	2	1		
1985 Nissan #83 GTP ZX-Turbo                                       	Doors	2	1		
1984 Nissan #11 Tomica Skyline Turbo Super Silhouette (R30)        	Torque	539	397 ftlb | 538 Nm		
1984 Nissan #11 Tomica Skyline Turbo Super Silhouette (R30)        	Doors	2	1		
1984 Nissan #20 Bluebird Super Silhouette                          	Torque	539	397 ftlb | 538 Nm		
1984 Nissan #20 Bluebird Super Silhouette                          	Doors	2	1		
1983 Nissan #23 Nissan Motorsports Silvia Super Silhouette         	Doors	2	1		
1973 Nissan Skyline H/T 2000GT-R (KPGC110 _Kenmeri_)               	Doors	2	1		
1971 Nissan Skyline 2000GT-R (PGC10 _Hakosuka_)                    	Doors	2	1		
1969 Nissan #21 Nissan Racing R382                                 	Torque	608	448 ftlb | 607 Nm		
1969 Nissan #21 Nissan Racing R382                                 	Doors	2	1		
1969 Nissan Fairlady Z 432 (S30)                                   	Doors	2	1		
1967 Nissan R380 II                                                	Doors	2	1		
1990 Oldsmobile #75 Cutlass Supreme Trans Am                       	Model	#75 Cutlass Supreme Trans Am	#75 Cutlass Supreme Trans Am		#75 Cutlass Supreme Trans AM
1990 Oldsmobile #75 Cutlass Supreme Trans Am                       	Doors	2	1		
1969 Oldsmobile Hurst/Olds 442                                     	Doors	2	1		
1979 Opel Kadett C GT/E                                            	Doors	2	1		
2017 Oreca #38 Jackie Chan DC Racing Oreca 07                      	Doors	2	1		
2022 Pagani Huayra R                                               	Doors	2	1		
2016 Pagani Huayra BC                                              	Doors	2	1		
2009 Pagani Zonda Cinque Roadster                                  	Power	498	678 hp | 506 kW		
2009 Pagani Zonda Cinque Roadster                                  	Mass	1280	2858 lb | 1296 kg		
2009 Pagani Zonda Cinque Roadster                                  	Doors	2	1		
2018 Peugeot #7 DG Sport Compétition 308                           	Year	2018	2018		2019 
2018 Peugeot #7 DG Sport Compétition 308                           	Doors	5	1		
2011 Peugeot 308 GTI                                               	Doors	5	1		
1993 Peugeot #3 Peugeot Talbot Sport 905 EVO 1C                    	Doors	2	1		
1993 Peugeot #3 Peugeot Talbot Sport 905 EVO 1C                    	Topless	False	True		
1984 Peugeot 205 Turbo 16                                          	Torque	254	188 ftlb | 255 Nm		
1984 Peugeot 205 Turbo 16                                          	Doors	3	1		
1971 Plymouth Cuda 426 HEMI                                        	Model	Cuda 426 HEMI	Cuda 426 HEMI		Cuda 426 Hemi
1971 Plymouth Cuda 426 HEMI                                        	Doors	2	1		
1971 Plymouth GTX 426 HEMI                                         	Model	GTX 426 HEMI	GTX 426 HEMI		GTX 426 Hemi
1971 Plymouth GTX 426 HEMI                                         	Torque	665	490 ftlb | 664 Nm		
1971 Plymouth GTX 426 HEMI                                         	Doors	2	1		
2002 Pontiac Firebird Trans Am Ram Air                             	Doors	2	1		
1987 Pontiac Firebird Trans Am GTA                                 	Doors	2	1		
1973 Pontiac Firebird Trans Am SD-455                              	Power	278	372 hp | 277 kW		
1973 Pontiac Firebird Trans Am SD-455                              	Doors	2	1		
1969 Pontiac Firebird Trans Am                                     	Torque	584	430 ftlb | 583 Nm		
1969 Pontiac Firebird Trans Am                                     	Doors	2	1		
1969 Pontiac GTO Judge                                             	Torque	604	445 ftlb | 603 Nm		
1969 Pontiac GTO Judge                                             	Doors	2	1		
2024 Porsche #5 Porsche Penske Motorsport 963                      	Nickname				
2022 Porsche 718 Cayman GT4 RS (982)                               	Doors	2	1		
2021 Porsche 911 GT3 (992)                                         	Doors	2	1		
2021 Porsche Mission R                                             	Displ	0	0		
2021 Porsche Mission R                                             	Doors	2	1		
2020 Porsche Taycan Turbo S                                        	Displ	0	0		
2020 Porsche Taycan Turbo S                                        	Doors	4	1		
2019 Porsche #70 Porsche Motorsport 935                            	Doors	2	1		
2019 Porsche 911 Carrera S (992)                                   	Mass	1480	3261 lb | 1479 kg		
2019 Porsche 911 Carrera S (992)                                   	Doors	2	1		
2019 Porsche 911 GT3 RS (992)                                      	PI	756	756		803
2019 Porsche 911 GT3 RS (992)                                      	Doors	2	1		
2019 Porsche 911 Speedster (991.2)                                 	Torque	470	346 ftlb | 469 Nm		
2019 Porsche 911 Speedster (991.2)                                 	Doors	2	1		
2019 Porsche 911 Speedster (991.2)                                 	Topless	False	True		
2018 Porsche #73 Park Place Motorsports 911 GT3 R (991.2)          	Doors	2	1		
2018 Porsche 718 Cayman GTS (982)                                  	Doors	2	1		
2018 Porsche 911 GT2 RS (991.2)                                    	PI	803	803		900
2018 Porsche 911 GT2 RS (991.2)                                    	S	7.1	7.1		9.1
2018 Porsche 911 GT2 RS (991.2)                                    	B	5.1	5.1		5.9
2018 Porsche 911 GT2 RS (991.2)                                    	H	4.8	4.8		5.6
2018 Porsche 911 GT2 RS (991.2)                                    	A	7.4	7.4		8.3
2018 Porsche 911 GT2 RS (991.2)                                    	Doors	2	1		
2018 Porsche 911 GT2 RS Forza Edition (991.2)                      	Doors	2	1		
2017 Porsche #2 Porsche Team 919 Hybrid                            	Power	671	755 hp | 563 kW		
2017 Porsche #2 Porsche Team 919 Hybrid                            	Torque	1493	923 ftlb | 1251 Nm		
2017 Porsche #2 Porsche Team 919 Hybrid                            	Doors	2	1		
2017 Porsche #92 Porsche GT Team 911 RSR (991.2)                   	Torque	462	340 ftlb | 461 Nm		
2017 Porsche #92 Porsche GT Team 911 RSR (991.2)                   	Doors	2	1		
2017 Porsche Panamera Turbo (971)                                  	Doors	4	1		
2016 Porsche 911 GT3 RS (991.1)                                    	Doors	2	1		
2015 Porsche #91 Porsche Team Manthey 991 RSR (991.1)              	Doors	2	1		
2015 Porsche Cayman GTS                                            	Doors	2	1		
2014 Porsche 911 Turbo S (991.1)                                   	Doors	2	1		
2014 Porsche 918 Spyder                                            	Doors	2	1		
2012 Porsche 911 GT2 RS (997.2)                                    	Doors	2	1		
2007 Porsche 911 GT3 (997.1)                                       	Power	309	409 hp | 305 kW		
2007 Porsche 911 GT3 (997.1)                                       	Torque	405	298 ftlb | 404 Nm		
2007 Porsche 911 GT3 (997.1)                                       	Doors	2	1		
2004 Porsche 911 GT3 (996)                                         	Doors	2	1		
2003 Porsche Carrera GT                                            	Doors	2	1		
1997 Porsche 911 GT1 Strassenversion (996)                         	Doors	2	1		
1995 Porsche 911 GT2 (993)                                         	Doors	2	1		
1993 Porsche 911 Turbo S Leichtbau (964)                           	Doors	2	1		
1993 Porsche 928 GTS                                               	Doors	2	1		
1993 Porsche 968 Turbo S                                           	Doors	2	1		
1989 Porsche 944 Turbo                                             	Doors	2	1		
1987 Porsche #17 Porsche AG 962C                                   	Model	#17 Porsche AG 962C	#17 Porsche AG 962c		#17 Porsche AG 962C
1987 Porsche #17 Porsche AG 962C                                   	Torque	801	590 ftlb | 800 Nm		
1987 Porsche #17 Porsche AG 962C                                   	Doors	2	1		
1987 Porsche 959                                                   	Doors	2	1		
1983 Porsche #11 John Fitzpatrick Racing 956                       	Doors	2	1		
1982 Porsche 911 Turbo 3.3 (930)                                   	Doors	2	1		
1980 Porsche 924 Carrera GTS                                       	Doors	2	1		
1974 Porsche #1 911 RSR                                            	Torque	314	231 ftlb | 313 Nm		
1974 Porsche #1 911 RSR                                            	Doors	2	1		
1973 Porsche 911 Carrera RS                                        	Doors	2	1		
1970 Porsche #3 917 LH                                             	Doors	2	1		
1970 Porsche 914/6                                                 	Doors	2	1		
1960 Porsche 718 RS 60                                             	Doors	2	1		
1957 Porsche 356A Speedster                                        	Doors	2	1		
1955 Porsche 550 Spyder                                            	Doors	2	1		
2015 Radical RXC Turbo                                             	Doors	2	1		
2019 RAESR Tachyon Speed                                           	Torque	4953	3650 ftlb | 4949 Nm		
2019 RAESR Tachyon Speed                                           	Displ	0	0		
2018 Renault Megane R.S.                                           	Doors	5	1		
2016 Renault Clio R.S. 16 Concept                                  	Doors	5	1		
2008 Renault Megane R26.R                                          	Model	Megane R26.R	Mégane R26.R		Mégane R26.R
2008 Renault Megane R26.R                                          	Doors	3	1		
2003 Renault Sport Clio V6 (Phase 2)                               	Doors	3	1		
1993 Renault Clio Williams                                         	Doors	3	1		
1980 Renault 5 Turbo                                               	Doors	3	1		
1977 Renault #15 Equipe Renault Elf R.S. 01                        	Torque	372	274 ftlb | 371 Nm		
1977 Renault #15 Equipe Renault Elf R.S. 01                        	Doors	0	1		
1977 Renault #15 Equipe Renault Elf R.S. 01                        	Topless	False	True		
1977 Renault #15 Equipe Renault Elf R.S. 01                        	Steering	L	C		
1967 Renault 8 Gordini                                             	Doors	4	1		
2021 Rimac Nevera                                                  	Power	1408	1893 hp | 1412 kW		
2021 Rimac Nevera                                                  	Torque	2360	1739 ftlb | 2358 Nm		
2021 Rimac Nevera                                                  	Displ	0	0		
2021 Rimac Nevera                                                  	Doors	2	1		
2019 Rimac Concept Two                                             	Displ	0	0		
2019 Rimac Concept Two                                             	Doors	2	1		
2018 Saleen S1                                                     	Doors	2	1		
2017 Saleen S7 LM                                                  	Torque	1153	850 ftlb | 1152 Nm		
2017 Saleen S7 LM                                                  	Doors	2	1		
2004 Saleen S7                                                     	Doors	2	1		
1965 Shelby Cobra 427 S/C                                          	Doors	2	1		
1965 Shelby Cobra Daytona Coupe                                    	Torque	463	341 ftlb | 462 Nm		
1965 Shelby Cobra Daytona Coupe                                    	Doors	2	1		
1963 Shelby Monaco King Cobra                                      	Doors	2	1		
2016 Spania GTA GTA Spano                                          	Model	GTA Spano	GTA Spano		Spano
2016 Spania GTA GTA Spano                                          	Torque	1220	899 ftlb | 1219 Nm		
2016 Spania GTA GTA Spano                                          	Doors	2	1		
2013 SRT Viper GTS (VX)                                            	Doors	2	1		
2022 Subaru BRZ (ZD8)                                              	Make	Subaru	SUBARU		Subaru
2022 Subaru BRZ (ZD8)                                              	Torque	250	184 ftlb | 249 Nm		
2022 Subaru BRZ (ZD8)                                              	Doors	2	1		
2019 Subaru STI S209 (VA)                                          	Make	Subaru	SUBARU		Subaru
2019 Subaru STI S209 (VA)                                          	PI	547	547		600
2019 Subaru STI S209 (VA)                                          	S	3.4	3.4		3.2
2019 Subaru STI S209 (VA)                                          	B	3.1	3.1		4.1
2019 Subaru STI S209 (VA)                                          	H	3.1	3.1		4.2
2019 Subaru STI S209 (VA)                                          	A	3.3	3.3		3.5
2019 Subaru STI S209 (VA)                                          	Doors	4	1		
2019 Subaru STI S209 Forza Edition (VA)                            	Make	Subaru	SUBARU		
2019 Subaru STI S209 Forza Edition (VA)                            	Doors	4	1		
2018 Subaru #1 Adrian Flux SUBARU Racing Levorg GT                 	Make	Subaru	SUBARU		Subaru
2018 Subaru #1 Adrian Flux SUBARU Racing Levorg GT                 	Model	#1 Adrian Flux SUBARU Racing Levorg GT	#1 Adrian Flux SUBARU Racing Levorg GT		#1 Adrian Flux Subaru Racing Levorg GT
2018 Subaru #1 Adrian Flux SUBARU Racing Levorg GT                 	Doors	5	1		
2015 Subaru WRX STI (VA)                                           	Make	Subaru	SUBARU		Subaru
2015 Subaru WRX STI (VA)                                           	Doors	4	1		
2013 Subaru BRZ (ZC6)                                              	Make	Subaru	SUBARU		Subaru
2013 Subaru BRZ (ZC6)                                              	Doors	2	1		
2011 Subaru WRX STI (GE)                                           	Make	Subaru	SUBARU		Subaru
2011 Subaru WRX STI (GE)                                           	Model	WRX STI	WRX STI 		WRX STI
2011 Subaru WRX STI (GE)                                           	Doors	4	1		
2008 Subaru IMPREZA WRX STI (GR)                                   	Make	Subaru	SUBARU		Subaru
2008 Subaru IMPREZA WRX STI (GR)                                   	Model	IMPREZA WRX STI	IMPREZA WRX STI		Impreza WRX STI
2008 Subaru IMPREZA WRX STI (GR)                                   	Doors	4	1		
2004 Subaru IMPREZA WRX STI (GD)                                   	Make	Subaru	SUBARU		Subaru
2004 Subaru IMPREZA WRX STI (GD)                                   	Model	IMPREZA WRX STI	IMPREZA WRX STI		Impreza WRX STi
2004 Subaru IMPREZA WRX STI (GD)                                   	Torque	394	290 ftlb | 393 Nm		
2004 Subaru IMPREZA WRX STI (GD)                                   	Doors	4	1		
1998 Subaru Impreza 22B-STi Version (GC)                           	Make	Subaru	SUBARU		Subaru
1998 Subaru Impreza 22B-STi Version (GC)                           	Torque	360	265 ftlb | 359 Nm		
1998 Subaru Impreza 22B-STi Version (GC)                           	Doors	2	1		
1990 Subaru LEGACY RS                                              	Make	Subaru	SUBARU		Subaru
1990 Subaru LEGACY RS                                              	Model	LEGACY RS	LEGACY RS		Legacy RS
1990 Subaru LEGACY RS                                              	Doors	4	1		
2020 Toyota GR Supra (Mk5 J29)                                     	Doors	2	1		
2019 Toyota 86 TRD SE (ZN8)                                        	Drive	RWD	FWD		RWD
2019 Toyota 86 TRD SE (ZN8)                                        	Doors	2	1		
2014 Toyota #8 Toyota Racing TS040 HYBRID                          	Torque	1000	737 ftlb | 999 Nm		
2014 Toyota #8 Toyota Racing TS040 HYBRID                          	Doors	2	1		
2003 Toyota Celica Sport Specialty II (T230)                       	Power	140	187 hp | 139 kW		
2003 Toyota Celica Sport Specialty II (T230)                       	Doors	2	1		
1999 Toyota #3 Toyota Motorsports GT-ONE TS020                     	Torque	650	479 ftlb | 649 Nm		
1999 Toyota #3 Toyota Motorsports GT-ONE TS020                     	Doors	2	1		
1998 Toyota Supra RZ (Mk4 A80)                                     	Doors	2	1		
1995 Toyota MR2 GT (W20)                                           	Doors	2	1		
1995 Toyota MR2 GT (W20)                                           	Topless	False	True		
1994 Toyota Celica GT-Four ST205 (T200)                            	Doors	2	1		
1992 Toyota #99 All American Racers Toyota Eagle Mk III            	Model	#99 All American Racers Toyota Eagle Mk III	#99 All American Racers Toyota Eagle MkIII		#99 All American Racers Toyota Eagle Mk III
1992 Toyota #99 All American Racers Toyota Eagle Mk III            	Doors	2	1		
1992 Toyota Celica GT-Four RC ST185 (T180)                         	Doors	2	1		
1992 Toyota Supra 2.0 GT (Mk3 A70)                                 	Doors	2	1		
1989 Toyota MR2 SC (W10)                                           	Doors	2	1		
1985 Toyota Sprinter Trueno GT Apex (AE86)                         	Doors	2	1		
1974 Toyota Celica GT (A30)                                        	Doors	2	1		
1974 Toyota Corolla SR5                                            	Doors	2	1		
1969 Toyota 2000GT                                                 	Doors	2	1		
2018 TVR Griffith                                                  	Torque	584	430 ftlb | 583 Nm		
2018 TVR Griffith                                                  	Doors	2	1		
2015 Ultima Evolution Coupe 1020                                   	Doors	2	1		
2017 Vauxhall #66 Power Maxed TAG Racing Astra                     	Doors	5	1		
2016 Vauxhall Corsa VXR                                            	Doors	3	1		
2012 Vauxhall Astra VXR                                            	Doors	3	1		
2006 Vauxhall Astra VXR                                            	Doors	3	1		
1990 Vauxhall Lotus Carlton                                        	Doors	4	1		
2022 Volkswagen Golf R (Mk8 CD1)                                   	Doors	5	1		
2021 Volkswagen Golf R (Mk7 5G)                                    	Doors	5	1		
2018 Volkswagen #22 Experion Racing Golf GTI (Mk7 5G)              	Doors	5	1		
2014 Volkswagen Golf R (Mk6 5K)                                    	Torque	380	283 ftlb | 384 Nm		
2014 Volkswagen Golf R (Mk6 5K)                                    	Doors	3	1		
2003 Volkswagen Golf R32 (Mk4 1J)                                  	Model	Golf R32	Golf R32 		Golf R32
2003 Volkswagen Golf R32 (Mk4 1J)                                  	Power	177	241 hp | 180 kW		
2003 Volkswagen Golf R32 (Mk4 1J)                                  	Mass	1558	3436 lb | 1559 kg		
2003 Volkswagen Golf R32 (Mk4 1J)                                  	EngCfg	VR	V		
2003 Volkswagen Golf R32 (Mk4 1J)                                  	Doors	3	1		
1998 Volkswagen GTI VR6 Mk3 (Mk3 1H)                               	Model	GTI VR6 Mk3	Gti VR6 Mk3		GTI VR6 Mk3
1998 Volkswagen GTI VR6 Mk3 (Mk3 1H)                               	EngCfg	VR	V		
1998 Volkswagen GTI VR6 Mk3 (Mk3 1H)                               	Doors	3	1		
1995 Volkswagen Corrado VR6                                        	EngCfg	VR	V		
1995 Volkswagen Corrado VR6                                        	Doors	3	1		
1992 Volkswagen Golf Gti 16v Mk2 (Mk2 1G)                          	Doors	3	1		
1988 Volkswagen Scirocco 16v (53B)                                 	PI	263	263		286
1988 Volkswagen Scirocco 16v (53B)                                 	B	1.3	1.3		1.4
1988 Volkswagen Scirocco 16v (53B)                                 	H	1.5	1.5		1.6
1988 Volkswagen Scirocco 16v (53B)                                 	A	1.3	1.3		1.7
1988 Volkswagen Scirocco 16v (53B)                                 	Doors	3	1		
1983 Volkswagen Golf GTI (Mk1 17)                                  	Doors	3	1		
1981 Volkswagen Scirocco S (53)                                    	Doors	3	1		
1997 Volvo 850 R                                                   	S	2.8	2.8		2.9
1997 Volvo 850 R                                                   	Doors	5	1		
2017 VUHL 05RR                                                     	Power	298	385 hp | 287 kW		
2017 VUHL 05RR                                                     	Torque	500	368 ftlb | 499 Nm		
2017 VUHL 05RR                                                     	Doors	0	1		
2020 Xpeng P7                                                      	Displ	0	0		
2020 Xpeng P7                                                      	Doors	4	1		
2019 Zenvo TSR-S                                                   	Doors	2	1		
