553,2740,89,124 Spider,2017,Abarth 124 '17,,22,,360,2.1,2.3,2.4,2.2,123,1124,250,RWD,F,1.4,I,4,T,True,L,Door23
525,3420,1,#6 ARX-05 DPi,2020,Acura #6 ARX-05,,11,,943,6,9.5,9.6,7.7,447,986,678,RWD,MR,3.5,V,6,TT,False,L,Closed
3,3240,1;34,#36 NSX GT3,2018,Acura #36 NSX,,45,NSX,819,4.7,6.7,6.9,6.3,389,1320,550,RWD,MR,3.5,V,6,TT,False,L,Door23
2,2352,1;34,NSX,2017,Acura NSX '17,,24,Hybrid;NSX,731,5.2,3.8,3.3,6.1,427,1725,845,AWD,MR,3.5,V,6,TT,False,L,Door23
1,368,1;34,Integra Type R,2001,Acura ITR '01,,3,,338,3.3,1.5,1.9,2,145,1197,176,FWD,F,1.8,I,4,NA,False,L,Door23
556,2542,2,Giulia Quadrifoglio,2017,Alfa Giulia '17,,25,,632,5.8,3.5,3.1,4.5,377,1734,600,RWD,F,2.9,V,6,TT,False,L,Door45
569,2038,2,4C,2014,Alfa Romeo 4C,,23,,522,3.1,2.9,3.1,3.5,179,1128,323,RWD,MR,1.7,I,4,T,False,L,Door23
4,1325,2,Giulietta Quadrifoglio Verde,2011,AR Giulietta 11,,20,,387,2.8,1.8,2.1,2.4,172,1320,340,FWD,F,1.7,I,4,T,False,L,Door23
544,1150,2,Giulia Sprint GTA Stradale,1965,AR GTA '65,,38,,263,1,1,1,1.8,86,794,142,RWD,F,1.6,I,4,NA,False,L,Door23
6,2973,3,A110,2017,Alpine A110 '17,,23,,570,3.7,2.9,3.1,4.2,185,1103,320,RWD,MR,1.8,I,4,T,False,L,Door23
5,2426,3,GTA Le Mans,1990,Alpine GTA '90,,30,,374,2.7,2,2.3,2.4,147,1190,290,RWD,R,2.5,V,6,T,False,L,Door23
8,1267,4,Javelin AMX,1971,AMC Javelin '71,,37,,357,1,1.2,1.3,2.4,246,1563,583,RWD,F,3.4,V,8,NA,False,L,Door23
7,1572,4,Rebel 'The Machine',1970,AMC Rebel '70,,31,,339,1.9,1.1,1,2.6,254,1656,579,RWD,F,6.4,V,8,NA,False,L,Door23
9,3141,5,Intensa Emozione,2018,Apollo IE '18,,21,,906,6.6,7.2,7.1,7.7,582,1250,759,RWD,MR,6.3,V,12,NA,False,R,Door23
10,1651,6,Atom 500 V8,2013,Ariel Atom '13,,33,,794,3.7,5.4,5.2,7.8,354,650,363,RWD,MR,3,V,8,NA,True,R,Open
545,2968,7,Valkyrie,2023,AM Valkyrie '23,,21,Hybrid,999,7.4,10,9.8,9,850,1030,900,RWD,MR,6.5,V,12,NA,False,R,Door23
554,3631,7,Valkyrie AMR Pro,2022,AM AMR Pro '22,,19,Hybrid,999,8.1,10,10,10,746,1000,740,RWD,MR,6.5,V,12,NA,False,R,Closed
24,3185,7,DBS Superleggera,2019,AM DBS '19,,18,,727,7.1,3.8,3.4,5.8,533,1799,899,RWD,F,5.2,V,12,TT,False,L,Door23
25,3364,7,Valhalla Concept Car,2019,AM Valhalla '19,,21,,927,8.5,6.2,6.1,10,777,1405,1349,AWD,MR,3,V,6,TT,False,L,Door23
26,3091,7,Vantage,2019,AM Vantage '19,,24,,665,5.6,3.6,3.6,4.5,375,1585,685,RWD,F,4,V,8,TT,False,R,Door23
601,3762,7,#97 AMR Vantage GTE,2018,#97 Vantage GTE,,44,,822,4.5,6.7,6.8,6.4,400,1320,700,RWD,F,4,V,8,TT,False,L,Door23
21,2860,7,#7 Aston Martin Racing V12 Vantage GT3,2017,AM #7 Vantage,,45,,833,4.7,6.7,6.8,6.4,447,1335,700,RWD,F,5.9,V,12,NA,False,L,Door23
22,3125,7,Vanquish Zagato Coupe,2017,AM Vanquish '17,,18,,675,6.1,3.8,3.5,4.7,444,1765,629,RWD,F,5.9,V,12,NA,False,R,Door23
23,3211,7,Vulcan AMR Pro,2017,AM Vulcan AMR 17,,19,,885,5.8,7.6,7.5,6.4,611,1360,800,RWD,F,6.9,V,12,NA,False,L,Door23
20,2470,7,Vulcan,2016,AM Vulcan '16,,19,,865,5.8,7.3,7.3,6.4,611,1360,800,RWD,F,6.9,V,12,NA,False,L,Door23
19,2493,7,Vantage GT12,2015,AM GT12 '15,,24,,707,4.9,4.6,4.3,5,442,1565,625,RWD,F,5.9,V,12,NA,False,R,Door23
529,2181,7,V12 Vantage S,2013,AM Vantage '13,,24,,640,6.7,3.3,3.1,4.6,421,1671,620,RWD,F,5.9,V,12,NA,False,L,Door23
18,1081,7,DBS,2008,AM DBS '08,,24,,603,6.1,3.3,3.1,3.9,380,1695,569,RWD,F,5.9,V,12,NA,False,L,Door23
17,479,7,V12 Vanquish,2001,AM Vanquish '01,,4,,542,5.3,2.8,2.7,3.5,343,1864,542,RWD,F,5.9,V,12,NA,False,L,Door23
16,1519,7,V8 Vantage V600,1998,AM Vantage '98,,28,,560,6.4,2.7,2.5,3.8,447,2002,814,RWD,F,5.3,V,8,DSC,False,R,Door23
15,1551,7,#18 Aston Martin AMR1,1989,AM #18 AMR1,,14,,962,6.9,10,10,8.3,552,996,841,RWD,MR,6.3,V,8,NA,False,R,Closed
14,3024,7,DBS,1967,AM DBS '67,,34,,343,3.5,1.4,1.4,2.6,242,1588,393,RWD,F,4,I,6,NA,False,R,Door23
13,1105,7,DB5,1964,AM DB5 '64,,27,,282,1.4,1.4,1.3,1.9,210,1565,382,RWD,F,4,I,6,NA,False,R,Door23
12,1550,7,DB4 GT Zagato,1960,AM DB4 GT,,36,,353,3.5,1.3,1.5,2.5,234,1225,377,RWD,F,3.7,I,6,NA,False,R,Door23
11,1386,7,DBR1,1958,AM DBR1,,36,,518,4.6,2.3,2.7,3.5,189,903,335,RWD,F,3,I,6,NA,True,R,Open
48,3583,8,RS 6 Avant,2021,Audi RS 6 '21,C8/5G,29,,658,6.1,3,2.7,5,441,2075,800,AWD,F,4,V,8,TT,False,L,Door45
49,3584,8,RS 7 Sportback,2021,Audi RS 7 '21,4K8,29,,656,6.7,2.8,2.6,5.2,441,2065,800,AWD,F,4,V,8,TT,False,L,Door45
50,3359,8,RS e-tron GT,2021,Audi RS e-tron,,29,,706,3.7,2.6,2.8,6.1,475,2347,830,AWD,MR,0,E,0,EV,False,L,Door45
522,3745,8,R8 V10 performance,2020,Audi R8 '20,Type 4S,24,,753,7.1,3.8,3.5,6.1,449,1650,560,AWD,MR,5.2,V,10,NA,False,L,Door23
47,3454,8,RS 3 Sedan,2020,Audi RS 3 '20,8Y,23,,621,5.1,2.7,2.5,4.6,294,1630,480,AWD,F,2.5,I,5,T,False,L,Door45
565,3453,8,TT RS Coupe,2020,Audi TT RS '20,Mk3 8S,23,,643,5.5,2.8,2.8,4.8,294,1500,480,AWD,F,2.5,I,5,T,False,L,Door23
42,2852,8,#1 Audi Sport RS 3 LMS,2018,Audi #1 RS 3 LMS,,12,,692,3.2,5.3,5.5,4,257,1255,420,FWD,F,2,I,4,T,False,L,Door45
43,3229,8,#44 R8 LMS GT3,2018,Audi #44 R8 LMS,Type 4S,45,,828,5,6.6,6.8,5.8,436,1325,549,RWD,MR,5.2,V,10,NA,False,L,Door23
44,3318,8,RS 4 Avant,2018,Audi RS 4 '18,B9/8W,25,,637,6,2.8,2.6,5,331,1790,600,AWD,F,2.9,V,6,TT,False,L,Door45
45,3264,8,RS 5 Coupe,2018,Audi RS 5 '18,F5,25,,638,5.7,2.9,2.7,4.9,331,1810,601,AWD,F,2.9,V,6,TT,False,L,Door23
46,3286,8,TT RS,2018,Audi TT RS '18,Mk3 8S,23,,643,5.5,2.8,2.8,4.8,294,1500,480,AWD,F,2.5,I,5,T,False,L,Door23
40,2859,8,#17 Rotek Racing TT RS,2016,Audi #17 TT RS,,46,,802,3.3,7.1,7.4,5.1,283,1080,529,FWD,F,2.5,I,5,T,False,L,Door23
41,2473,8,R8 V10 plus,2016,Audi R8 '16,Type 4S,24,,752,7.1,3.8,3.5,6.1,449,1645,560,AWD,MR,5.2,V,10,NA,False,L,Door23
38,2180,8,RS 6 Avant,2015,Audi RS 6 '15,C7/4G,29,,666,6.3,3.3,2.7,5,412,1935,700,AWD,F,4,V,8,TT,False,L,Door23
39,2179,8,S1,2015,Audi S1 '15,8X,20,,405,2.5,2.2,2.2,2.5,170,1315,370,AWD,F,2,I,4,T,False,L,Door23
37,2271,8,#2 Audi Team Joest R18 e-tron quattro,2014,Audi #2 R18,,9,Hybrid,979,6.3,10,10,10,565,911,1300,AWD,MR,4,V,6,T,False,C,Closed
35,2010,8,R8 Coupé V10 plus 5.2 FSI quattro,2013,Audi R8 '13,Type 42,24,,732,6.3,3.7,3.4,5.8,404,1670,540,AWD,MR,5.2,V,10,NA,False,L,Door23
36,1607,8,RS 4 Avant,2013,Audi RS 4 '13,B8/8K,25,,591,5.6,2.9,2.5,3.9,331,1795,430,AWD,F,4.2,V,8,NA,False,L,Door45
564,2009,8,RS 7 Sportback,2013,Audi RS 7,4G8,29,,613,6.5,2.8,2.4,4.5,412,2030,750,AWD,F,4,V,8,TT,False,L,Door45
34,1216,8,RS 3 Sportback,2011,Audi RS 3 '11,8P,20,,470,3.7,2.3,2.3,2.8,250,1575,450,AWD,F,2.5,I,5,T,False,L,Door45
33,419,8,RS 4,2006,Audi RS 4 '06,B7/8E,30,,564,5.4,2.3,2.4,3.6,313,1650,430,AWD,F,4.2,V,8,NA,False,L,Door45
32,428,8,S4,2004,Audi S4 '04,B7/8E,30,,467,4.6,1.9,1.9,3,254,1735,409,AWD,F,4.2,V,8,NA,False,L,Door45
31,420,8,RS 6,2003,Audi RS 6 '03,C5/4B,30,,537,5.3,2.5,2.3,3.6,336,1840,563,AWD,F,4.2,V,8,TT,False,L,Door45
30,2178,8,RS 4 Avant,2001,Audi RS 4 '01,B5/8D,30,,516,4.5,2.4,2.4,3.2,280,1620,439,AWD,F,2.7,V,6,TT,False,L,Door45
29,1370,8,Avant RS2,1995,Audi RS2 '95,8C,30,,458,3.6,2.2,2.2,2.9,232,1595,409,AWD,F,2.2,I,5,T,False,L,Door45
28,1573,8,#4 Audi 90 quattro IMSA GTO,1989,Audi #4 90 GTO,,15,,857,5.2,6.1,6.2,7.4,530,1206,720,AWD,F,2.2,I,5,T,False,L,Door45
27,633,8,Sport quattro,1984,Audi quattro '84,B2/85,30,,464,2.8,2.1,2.2,3,228,1300,351,AWD,F,2.1,I,5,T,False,L,Door23
51,1481,9,3000 MkIII,1965,Austin 3000 '65,,27,,262,1.3,1,1.1,1.5,110,1202,235,RWD,F,2.9,I,6,NA,True,L,Door23
52,2096,10,Type D,1939,AutoUnion Type D,,32,,598,6.2,2.4,2.9,4.9,362,1277,560,RWD,MR,3,V,12,DSC,True,C,Open
53,3360,11,Battista,2020,Battista '20,,21,,924,7.3,4.3,4.2,6.4,1400,2000,2298,AWD,MR,0,E,0,EV,False,L,Door23
54,2040,12,Mono,2014,BAC Mono '14,,33,,712,2.7,4.4,4.5,5.4,209,606,280,RWD,MR,2.3,I,4,NA,True,C,Open
57,2665,13,Continental Supersports,2017,Bentley C SS '17,,29,,656,6.8,2.7,2.4,4.7,522,2280,1017,AWD,F,6,W,12,TT,False,L,Door23
56,2403,13,#17 M-Sport Bentley Continental GT3,2014,Bentley #17 C,,45,,819,4.3,6.6,6.6,6.3,447,1390,720,RWD,F,4,V,8,TT,False,R,Door23
55,498,13,#7 Team Bentley Speed 8,2003,Bentley #7 Spd 8,,2,,941,6.1,9.4,9.6,7.9,459,983,800,RWD,MR,4,V,8,TT,False,R,Closed
633,3913,14,#25 BMW Team RLL M Hybrid V8,2023,#25 M Hybrid '23,,11,,954,7,9.7,9.8,8,500,1105,650,RWD,MR,4,V,8,TT,False,L,Closed
563,3763,14,M2,2023,BMW M2 '23,G87,23,M1/M2,599,5,3.3,3,4.1,338,1700,549,RWD,F,3,I,6,TT,False,L,Door23
81,3644,14,M3 Competition Sedan,2021,BMW M3 '21,G80,25,M3/M4,642,5.7,3.1,2.9,4.7,375,1730,649,RWD,F,3,I,6,TT,False,L,Door45
82,3645,14,M4 Competition Coupé,2021,BMW M4 '21,G82,25,M3/M4,641,5.7,3.1,2.9,4.7,375,1725,649,RWD,F,3,I,6,TT,False,L,Door23
523,3434,14,M2 Competition Coupé,2020,BMW M2 '20,F87,23,M1/M2,588,4.7,2.8,2.6,4.5,302,1658,550,RWD,F,3,I,6,TT,False,L,Door23
80,3518,14,M8 Competition Coupé,2020,BMW M8 '20,F92,29,M6/M8,720,6.9,3.4,2.9,5.8,460,1885,750,AWD,F,4.4,V,8,TT,False,L,Door23
79,3173,14,Z4 Roadster,2019,BMW Z4 '19,G29,23,,608,4.9,3,3.1,4.3,285,1535,501,RWD,F,3,I,6,T,False,L,Door23
77,3073,14,#1 BMW M Motorsport M8 GTE,2018,BMW #1 M8,,44,,838,5.1,6.6,6.9,6.5,447,1287,678,RWD,F,4,V,8,TT,False,L,Door23
78,3071,14,M5,2018,BMW M5 '18,F90,29,M5,711,6.5,3.3,2.8,5.8,447,1982,750,AWD,F,4.4,V,8,TT,False,L,Door45
76,2824,14,#24 BMW Team RLL M6 GTLM,2017,BMW #24 M6,,44,,813,4.5,6.6,6.8,6.1,373,1294,616,RWD,F,4.4,V,8,TT,False,L,Door23
75,2628,14,M4 GTS,2016,BMW M4 '16,F82,25,M3/M4,701,5.6,4.2,3.9,5,368,1510,599,RWD,F,3,I,6,TT,False,L,Door23
74,2133,14,i8,2015,BMW i8 '15,,29,Hybrid,644,5.6,2.7,2.9,4.5,266,1533,570,AWD,MR,1.5,I,3,T,False,L,Door23
73,2018,14,M6 Coupé,2013,BMW M6 '13,F13,29,M6/M8,651,6.6,3.2,2.7,4.9,418,1930,678,RWD,F,4.4,V,8,TT,False,L,Door23
72,1388,14,M5,2012,BMW M5 '12,F10,25,M5,626,6.2,2.8,2.8,4.7,412,1870,679,RWD,F,4.4,V,8,TT,False,L,Door45
582,1385,14,1 Series M Coupé,2011,BMW 1M,,23,M1/M2,527,4.4,2.6,2.6,3.5,250,1495,450,RWD,F,3,I,6,TT,False,L,Door23
71,1598,14,M3 GTS,2010,BMW M3 '10,E92,25,M3/M4,657,5.4,3.8,3.7,4.6,331,1530,440,RWD,F,4.4,V,8,NA,False,L,Door23
634,1217,14,M6 Coupé,2010,BMW M6 '10,E63,29,M6/M8,594,6,2.8,2.7,4.4,373,1773,520,RWD,F,5,V,10,NA,False,L,Door45
635,1126,14,M5,2009,BMW M5 '09,E60,25,M5,563,6,2.8,2.5,4.1,373,1820,520,RWD,F,5,V,10,NA,False,L,Door45
636,1011,14,M3,2008,BMW M3 '08,E92,25,M3/M4,545,5.1,2.7,2.7,3.5,309,1580,400,RWD,F,4,V,8,NA,False,L,Door23
70,383,14,M3,2005,BMW M3 '05,E46,30,M3/M4,504,4.4,2.5,2.6,3.3,248,1549,355,RWD,F,3.2,I,6,NA,False,L,Door23
637,1367,14,M5,2003,BMW M5 '03,E39,30,M5,495,5.3,2.2,2.1,3.5,294,1750,499,RWD,F,4.9,V,8,NA,False,L,Door45
68,565,14,M3-GTR,2002,BMW M3 '02,E46,30,M3/M4,571,4.9,2.8,2.9,3.9,279,1397,390,RWD,F,4,V,8,NA,False,L,Door23
69,1268,14,Z3 M Coupé,2002,BMW Z3 '02,E36/8,3,,520,3.8,2.5,2.6,3.4,235,1356,341,RWD,F,3.2,I,6,NA,False,L,Door23
67,2193,14,323ti Sport,2000,BMW 323ti '00,E46/5,3,,322,1.7,1.9,1.8,2.2,125,1255,245,RWD,F,2.5,I,6,NA,False,L,Door23
66,505,14,#15 BMW Motorsport V12 LMR,1999,BMW #15 V12 LMR,,2,,953,6.5,10,10,8.2,432,967,670,RWD,MR,6,V,12,NA,True,R,Open
65,382,14,M3,1997,BMW M3 '97,E36,30,M3/M4,485,4.6,2.4,2.4,3.2,239,1460,350,RWD,F,3.2,I,6,NA,False,L,Door23
64,1493,14,850CSi,1995,BMW 850CSi '95,E31,28,,435,5,2.2,2.3,2.8,277,1923,545,RWD,F,5.6,V,12,NA,False,L,Door23
63,642,14,M3,1991,BMW M3 '91,E30,30,M3/M4,357,2.7,1.7,2,2.4,160,1253,244,RWD,F,2.3,I,4,NA,False,L,Door23
62,1368,14,M5,1988,BMW M5 '88,E28,30,M5,366,2.6,1.7,1.8,2.8,210,1465,340,RWD,F,3.5,I,6,NA,False,L,Door45
632,1290,14,M635 CSi,1986,BMW M6 '86,E24,30,M6/M8,378,3.4,1.8,2,2.5,210,1510,341,RWD,F,3.5,I,6,NA,False,L,Door23
61,1040,14,M1,1981,BMW M1 '81,E26,28,,416,3.1,2.2,2.3,2.9,207,1300,329,RWD,MR,3.5,I,6,NA,False,L,Door23
60,2103,14,#6 BMW Motorsport M1 Procar,1979,BMW #6 M1 Procar,,15,,772,4.9,5.4,5.9,5.5,351,1020,390,RWD,MR,3.5,I,6,NA,False,L,Door23
639,-1,14,#1 BMW 3.0 CSL,1976,,,15,,0,0,0,0,0,0,0,0,RWD,F,0,I,0,NA,False,L,Door23
59,2112,14,#25 BMW Motorsport 3.0 CSL,1975,BMW #25 3.0 CSL,,15,,741,4,5.5,5.5,5.4,321,1062,414,RWD,F,3.5,I,6,NA,False,L,Door23
58,1269,14,2002 Turbo,1973,BMW 2002 '73,,38,,298,1.6,1.2,1.3,2.3,125,1080,245,RWD,F,2,I,4,T,False,L,Door23
84,3285,15,BT62,2019,Brabham BT62 '19,,19,,911,6.3,7.7,7.8,7.8,522,1066,667,RWD,MR,5.4,V,8,NA,False,L,Door23
83,2033,15,BT24,1967,Brabham BT24,,5,,756,4.2,4.7,4.9,6.1,246,517,315,RWD,MR,3,V,8,NA,True,C,Open
578,3517,15,BT8,1964,Brabham BT8,,36,,538,3.4,2.3,2.2,4.5,198,631,316,RWD,MR,2.8,I,4,NA,True,R,Open
85,3266,16,#14 Team Motul P201,1974,BRM #14 P201,,6,,856,4.4,7,7.1,8.9,336,750,342,RWD,MR,3,V,12,NA,True,C,Open
89,3168,17,Divo,2019,Bugatti Divo,,21,,870,10,4.8,4.6,8.9,1103,1995,1601,AWD,MR,8,W,16,T4,False,L,Door23
88,2624,17,Chiron,2018,Bugatti Chiron,,21,,869,10,4.6,4.4,8.8,1103,1995,1600,AWD,MR,8,W,16,T4,False,L,Door23
581,1328,17,Veyron Super Sport,2011,Bugatti Veyron,,21,,862,10,4.5,4.4,9.3,882,1834,1500,AWD,MR,8,W,16,T4,False,L,Door23
87,1219,17;93,EB110 Super Sport,1992,Bugatti EB110 92,,4,,697,7.6,3.2,3.2,4.7,456,1637,651,AWD,MR,3.5,V,12,TT,False,L,Door23
86,2066,17,Type 35 C,1926,Bugatti Type 35,,32,,263,1,1.8,2,1.4,71,760,129,RWD,F,2,I,8,DSC,True,R,Open
91,1329,18,Regal GNX,1987,Buick GNX '87,,30,,421,3.1,1.9,2.1,3.2,224,1608,515,RWD,F,3.8,V,6,T,False,L,Door23
542,3316,18,#6 Performance Motorsports Somerset Regal Trans-Am,1985,Buick #6 Regal,,15,,771,5,5.6,5.8,5,378,1225,521,RWD,F,4.5,V,6,NA,False,L,Door23
90,417,18,GSX,1970,Buick GSX '70,,31,,377,2,1.2,1.2,3.3,268,1757,691,RWD,F,7.5,V,8,NA,False,L,Door23
96,3866,19,#01 Cadillac Racing V-Series.R,2023,Cadillac #01 LM,,11,Hybrid,941,6.9,9.8,9.7,8.2,500,1105,632,RWD,MR,5.5,V,8,NA,False,L,Closed
97,3867,19,#2 Cadillac Racing V-Series.R,2023,Cadillac #2 LM,,11,Hybrid,941,6.9,9.8,9.7,8.2,500,1105,632,RWD,MR,5.5,V,8,NA,False,L,Closed
98,3792,19,#31 Whelen Engineering Cadillac Racing V-Series.R,2023,Cadillac #31 LM,,11,Hybrid,941,6.9,9.8,9.7,8.2,500,1105,632,RWD,MR,5.5,V,8,NA,False,L,Closed
94,3719,19,CT4-V Blackwing,2022,Cadillac CT4 '22,,25,,577,5.6,3,2.8,4.1,352,1751,602,RWD,F,3.6,V,6,TT,False,L,Door45
95,3720,19,CT5-V Blackwing,2022,Cadillac CT5 '22,,25,,638,6.3,3.3,2.8,4.7,498,1870,892,RWD,F,6.2,V,8,DSC,False,L,Door45
550,3669,19,#31 Whelen Racing DPi-V.R,2021,Cadillace #31 Dpi,,11,,950,5.9,9.4,9.5,7.6,432,995,625,RWD,MR,5.5,V,8,NA,False,L,Closed
555,3283,19,#57 TA CTS-V,2018,Cadillac #57 CTS,,48,,897,5.5,7.1,7.2,7.1,634,1321,746,RWD,F,5.9,V,8,NA,False,L,Door23
92,2262,19,ATS-V,2016,Cadillac ATS '16,,25,,538,5.5,2.6,2.6,3.6,346,1725,603,RWD,F,3.6,V,6,TT,False,L,Door23
93,2421,19,CTS-V Sedan,2016,Cadillac CTS '16,,29,,629,5.9,2.9,2.5,4.6,477,1872,854,RWD,F,6.2,V,8,DSC,False,L,Door45
561,3281,19,#3 Cadillac Racing ATS-V.R,2015,Cadillac #3 ATS,,45,,824,5.3,6.3,6.4,6.4,447,1405,706,RWD,F,3.6,V,6,TT,False,L,Door23
99,1652,20,Superlight R500,2013,Caterham '13,,33,,669,2.9,3.5,3.4,5.5,196,506,240,RWD,F,2,I,4,NA,True,L,Open
100,1553,21,#66 Chaparral Cars 2E,1966,Chaparral #66 2E,,26,,818,4.2,6.9,6.8,5.9,354,800,577,RWD,MR,5.4,V,8,NA,True,R,Open
127,3771,22,Corvette E-Ray,2024,Chev. E-Ray '24,C8,24,Corvette,759,6.1,4.3,4,5.8,481,1764,801,AWD,MR,6.2,V,8,NA,False,L,Door23
617,3994,22,NASCAR Next Gen Camaro ZL1,2024,NASCAR Camaro,,43,,855,6,7,7,5.5,500,1508,638,RWD,F,5.9,V,8,NA,False,L,Closed
126,3766,22,Corvette Z06,2023,Chev. C8 Z06 '23,C8,24,Corvette,757,5.1,5.1,4.5,6.2,500,1613,624,RWD,MR,5.5,V,8,NA,False,L,Door23
123,3490,22,#3 Corvette Racing C8.R,2020,Chev. #3 C8,C8,44,Corvette,821,4.6,6.7,7,6.3,373,1330,651,RWD,MR,5.5,V,8,NA,False,L,Door23
124,3369,22,Corvette Stingray Coupe,2020,Chev. C8 '20,C8,24,Corvette,678,4.8,3.7,3.7,5.3,369,1623,637,RWD,MR,6.2,V,8,NA,False,L,Door23
125,3800,22,Corvette Stingray Coupe Forza Edition,2020,Chev. C8 FE '20,C8,24,Corvette,700,4.3,4.3,4.4,5.2,369,1662,636,RWD,MR,6.2,V,8,NA,False,L,Door23
122,3118,22,Corvette ZR1,2019,Chev. C7 ZR1 '19,C7,24,Corvette,756,6.1,4.6,4.3,6.3,563,1615,969,RWD,F,6.2,V,8,DSC,False,L,Door23
539,3256,22,#23 Ruman Racing TA Corvette,2018,Chev. #23 C7,,48,Corvette,899,5.5,7.1,7.3,6.7,634,1321,746,RWD,F,5.9,V,8,NA,False,L,Door23
120,3149,22,Camaro ZL1 1LE,2018,Chev. Camaro '18,,25,Camaro,667,5.3,4,3.7,4.5,485,1740,881,RWD,F,6.2,V,8,DSC,False,L,Door23
121,3801,22,Camaro ZL1 1LE Forza Edition,2018,Chev. Camaro FE,,25,Camaro,700,4.9,4.6,4.5,4.6,508,1775,923,RWD,F,6.2,V,8,DSC,False,L,Door23
119,2739,22,Camaro ZL1,2017,Chev. Camaro '17,,25,Camaro,646,5.8,3.5,3.3,4.5,485,1761,881,RWD,F,6.2,V,8,DSC,False,L,Door23
118,2523,22,Camaro Super Sport,2016,Chev. Camaro '16,,25,Camaro,583,5,2.8,2.8,3.8,339,1666,617,RWD,F,6.2,V,8,NA,False,L,Door23
116,2485,22,#10 Konica Minolta Corvette Daytona Prototype,2015,Chev. #10 DP,,10,,912,4.8,9.2,9.1,6.3,432,1106,624,RWD,MR,5.5,V,8,NA,False,L,Closed
117,2177,22,Corvette Z06,2015,Chev. C6 Z06 '15,C7,24,Corvette,721,4.9,4.8,4.5,5.1,485,1604,881,RWD,F,6.2,V,8,DSC,False,L,Door23
115,2226,22,#3 Corvette Racing Corvette C7.R,2014,Chev. #3 C7,C7,44,Corvette,804,4.6,6.5,6.8,6,366,1323,658,RWD,F,5.5,V,8,NA,False,L,Door23
114,1317,22,#55 Level 5 Motorsports Oreca FLM09,2010,Chev. #55 09,,10,,915,4.7,9.6,9.7,7.1,321,960,630,RWD,MR,6.2,V,8,NA,True,R,Open
113,1069,22,Corvette ZR1,2009,Chev. C6 ZR1 '09,C6,24,Corvette,707,7.1,3.8,3.7,5.5,476,1520,819,RWD,F,6.2,V,8,DSC,False,L,Door23
111,287,22,Camaro 35th Anniversary Super Sport,2002,Chev. Camaro '02,"Catfish",30,Camaro,499,4.2,2.2,2.4,3,242,1612,475,RWD,F,5.7,V,8,NA,False,L,Door23
112,314,22,Corvette Z06,2002,Chev. C4 Z06 '02,C5,28,Corvette,599,6,2.7,3.3,3.6,302,1414,542,RWD,F,5.7,V,8,NA,False,L,Door23
110,2006,22,Corvette ZR-1,1995,Chev. C4 ZR1 '95,C4,28,Corvette,579,5,2.6,3,3.6,302,1590,522,RWD,F,5.7,V,8,NA,False,L,Door23
109,1033,22,Camaro IROC-Z,1990,Chev. Camaro '90,,30,Camaro,367,3.2,1.8,2.1,2.4,183,1645,468,RWD,F,5.7,V,8,NA,False,L,Door23
623,3435,22,#77 Beretta Trans Am,1988,Chev #77 Beretta,,15,,758,4.1,5.7,5.7,5.3,384,1247,548,RWD,F,4.5,V,6,NA,False,L,Closed
108,1575,22,Monte Carlo Super Sport,1988,Chev. MC '88,,30,,255,1,1.4,1.5,1.3,134,1598,305,RWD,F,5,V,8,NA,False,L,Door23
107,2776,22,#76 Greenwood Corvette,1976,Chev. #76 C3,C3,15,Corvette,811,7.5,5.2,5.5,7,552,1270,853,RWD,F,7.7,V,8,NA,False,L,Door23
104,1330,22,Camaro Z28,1970,Chev. Camaro '70,,37,Camaro,353,1.9,1,1.1,2.9,268,1610,515,RWD,F,5.7,V,8,NA,False,L,Door23
105,299,22,Chevelle Super Sport 454,1970,Chev Chevelle 70,,31,,383,1.1,1.1,1.2,3.2,336,1528,678,RWD,F,7.4,V,8,NA,False,L,Door23
106,315,22,Corvette ZR-1,1970,Chev. ZR-1 '70,C3,37,Corvette,386,1.5,1.3,1.6,2.5,276,1510,515,RWD,F,5.7,V,8,NA,False,L,Door23
600,3972,22,Camaro Jordan Luka 3 Motorsport Edition,1969,Camaro JL3,,37,Camaro,693,3.9,4.8,4.7,4,391,1500,660,RWD,F,6.2,V,8,NA,False,L,Door23
102,289,22,Camaro Super Sport Coupe,1969,Chev. Camaro '69,,37,Camaro,333,1.7,1.1,1.2,2.5,280,1665,563,RWD,F,6.5,V,8,NA,False,L,Door23
103,1429,22,Nova Super Sport 396,1969,Chev. Nova '69,,31,,354,2.5,1,1,2.7,280,1574,563,RWD,F,6.5,V,8,NA,False,L,Door23
101,312,22,Corvette Stingray 427,1967,Chev. C3 427 '67,C2,37,Corvette,405,2.7,1.3,1.4,3,324,1515,624,RWD,F,7,V,8,NA,False,L,Door23
592,3541,94,B16,1970,Chevron B16,,35,,654,3.1,5.3,5.3,4.2,160,695,210,RWD,MR,2,I,4,NA,False,R,Closed
128,2581,23;98,VH Valiant Charger R/T E49,1972,Chry. Valiant 72,,31,,361,1.9,1,1.1,3,225,1375,441,RWD,F,4.3,I,6,NA,False,R,Door23
129,1665,24,DS 3 Racing,2011,Citroen DS 3 '11,,20,,379,1.8,2.3,2.3,2.4,152,1221,275,FWD,F,1.6,I,4,T,False,L,Door23
132,2488,25;57,#33 280ZX Turbo,1979,Datsun #33 280ZX,S130,15,Nissan Z,842,6.3,6,6.1,7.4,559,1164,882,RWD,F,4.2,V,8,TT,False,L,Door23
131,1104,25;57,510,1970,Datsun 510 '70,,38,,223,1,1,1,1.2,72,930,136,RWD,F,1.6,I,4,NA,False,L,Door23
130,2272,25;57,2000 Roadster,1969,Datsun 2000,,27,,251,1,1,1.1,1.4,101,968,179,RWD,F,2,I,4,NA,True,L,Door23
515,3292,26,#9 American V8 Road Racing TA Challenger,2019,Dodge #9 C,,48,,898,5.4,7.2,7.3,7,638,1321,786,RWD,F,5.8,V,8,NA,False,L,Door23
518,2909,26,Challenger SRT Demon,2018,D. Challenger 18,,25,,679,7.2,5.5,2.5,5.1,626,1941,1045,RWD,F,6.2,V,8,DSC,False,L,Door23
147,2544,26,Viper ACR,2016,Dodge Viper '16,VX,24,Viper,767,4.1,6.1,5.6,5.5,481,1528,813,RWD,F,8.4,V,10,NA,False,L,Door23
146,2468,26,Charger SRT Hellcat,2015,Dodge Charger 15,,25,,620,7.1,2.8,2.4,4.4,527,2075,881,RWD,F,6.2,V,8,DSC,False,L,Door45
145,2229,26,#93 SRT Motorsports Viper GTS-R,2014,Dodge #93 Viper,VX,44,Viper,808,4.5,6.5,6.8,5.5,354,1327,706,RWD,F,8,V,10,NA,False,L,Door23
143,2104,26,Dart GT,2013,Dodge Dart '13,,22,,315,2.5,1.7,2,1.8,137,1495,232,FWD,F,2.4,I,4,NA,False,L,Door45
142,1620,26,Challenger SRT8,2012,D. Challenger 12,,25,,548,5.1,2.7,2.4,4.1,350,1887,637,RWD,F,6.4,V,8,NA,False,L,Door23
141,1046,26,Viper SRT10 ACR,2008,Dodge Viper '08,ZB II,24,Viper,737,4.4,5.4,5.3,4.6,447,1546,759,RWD,F,8.4,V,10,NA,False,L,Door23
140,1306,26,SRT-4 ACR,2005,Dodge SRT-4 '05,,3,,429,3.4,1.7,1.9,2.8,171,1354,339,FWD,F,2.4,I,4,T,False,L,Door45
139,483,26,Viper GTS ACR,1999,Dodge Viper '99,SR II,28,Viper,602,5.3,3.3,3.3,3.7,343,1565,678,RWD,F,8,V,10,NA,False,L,Door23
138,457,26,Stealth R/T Turbo,1996,Dodge Stealth 96,,3,,449,4.3,2,2.3,2.6,239,1735,427,AWD,F,3,V,6,TT,False,L,Door23
137,1292,26;70,Shelby Omni GLHS,1986,Dodge Shelby '86,,16,,306,1.2,1.6,1.6,2.2,130,1152,237,FWD,F,2.2,I,4,T,False,L,Door45
135,639,26,Challenger R/T,1970,D. Challenger 70,,31,,395,2.9,1.2,1.3,3.2,317,1591,665,RWD,F,7,V,8,NA,False,L,Door23
136,1352,26,Coronet Super Bee,1970,Dodge Coronet 70,,31,,398,3.2,1.3,1.4,3.1,317,1551,664,RWD,F,7,V,8,NA,False,L,Door23
133,1063,26,Charger Daytona HEMI,1969,Charger Daytona,,37,,392,2.1,1.4,1.5,3.2,317,1758,664,RWD,F,7,V,8,NA,False,L,Door23
134,513,26,Charger R/T,1969,Dodge Charger 69,,37,,376,3,1.1,1.2,3,317,1665,664,RWD,F,7,V,8,NA,False,L,Door23
148,2105,27,D8 GTO,2013,Donkervoort GTO,,33,,717,3.5,4.6,4.5,5.2,280,695,475,RWD,F,2.5,I,5,T,True,L,Door23
149,462,28,Talon TSi Turbo,1998,Eagle Talon,,3,,320,2.6,1.5,1.9,1.9,157,1451,290,AWD,F,2,I,4,T,False,L,Door23
150,2275,29,T1G,1967,Eagle T1G,,5,,763,5.2,4.4,4.7,6.4,306,642,330,RWD,MR,3,V,12,NA,True,C,Open
583,3334,92,Rp1,2019,Elemental Rp1 19,,33,,784,2.7,7.1,7.2,6.2,209,632,475,RWD,MR,2,I,4,T,True,L,Open
151,2866,30,Exocet Sport V8 XP-5,2018,Exocet '18,,33,,776,4.2,5.3,5.1,4.2,391,769,660,RWD,F,6.2,V,8,NA,True,L,Open
543,3724,31,296 GTB,2022,Ferrari 296 GTB,F171,24,Hybrid,786,7.6,4.5,4.2,6.4,610,1575,900,RWD,MR,3,V,6,TT,False,L,Door23
190,3594,31,Roma,2020,Ferrari Roma '20,F169,18,,707,5.8,3.7,3.3,5.4,456,1570,760,RWD,F,3.9,V,8,TT,False,L,Door23
191,3595,31,SF90 Stradale,2020,Ferrari SF90 '20,F173,18,Hybrid,854,9,4.5,4.3,8.3,735,1621,1238,AWD,MR,4,V,8,TT,False,L,Door23
552,2972,31,#62 Risi Competizione 488 GTE,2019,Ferrari #62 488,F142M,44,,835,5,6.4,6.6,6.7,447,1330,730,RWD,MR,3.9,V,8,TT,False,L,Door23
187,3227,31,488 Pista,2019,Ferrari 488,F142M,24,,804,6.7,5.2,5,6.7,530,1385,769,RWD,MR,3.9,V,8,TT,False,L,Door23
188,3367,31,F8 Tributo,2019,Ferrari F8 T '19,F142FML,18,,766,8.7,4.1,3.9,6.7,530,1541,770,RWD,MR,3.9,V,8,TT,False,L,Door23
189,3312,31,Monza SP2,2019,Ferrari Monza 19,,18,,766,8.2,4,3.7,6.3,596,1589,719,RWD,F,6.5,V,12,NA,True,L,Door23
185,3311,31,FXX-K Evo,2018,Ferrari FXX-K E,F150,19,Hybrid,934,7.6,8.1,8.1,7.8,772,1270,900,RWD,MR,6.3,V,12,NA,False,L,Door23
186,3225,31,Portofino,2018,Ferrari Porto 18,F164,18,,686,7.1,3.6,3.3,5.5,441,1664,759,RWD,F,3.9,V,8,TT,False,L,Door23
182,3112,31,#25 Corse Clienti 488 Challenge,2017,Ferrari #25 488,F148M,50,,830,4.6,6.3,6.2,6.9,493,1434,760,RWD,MR,3.9,V,8,TT,False,L,Door23
183,2974,31,812 Superfast,2017,Ferrari 812 '17,F152M,18,,783,9.2,4.4,4.1,6.6,588,1630,717,RWD,F,6.5,V,12,NA,False,L,Door23
184,3226,31,J50,2017,Ferrari J50 '17,F142M,18,,763,8.3,4.1,3.9,6.3,508,1525,759,RWD,MR,3.9,V,8,TT,True,L,Door23
531,2467,31,488 GTB,2015,Ferrari 488 GTB,F142M,24,,753,7.9,4,3.8,6.2,492,1475,760,RWD,MR,3.9,V,8,TT,False,L,Door23
181,2577,31,F12tdf,2015,Ferrari F12 '15,F152,18,,766,7.9,4.7,4.5,6.2,573,1520,704,RWD,F,6.3,V,12,NA,False,L,Door23
180,2194,31,California T,2014,Ferrari Cali T,F149M,24,,653,6,3.4,3.1,5.1,413,1730,754,RWD,F,3.9,V,8,TT,False,L,Door23
520,2371,31,FXX K,2014,Ferrari FXX K,F150,19,Hybrid,922,7.3,7.7,7.7,7.7,772,1284,901,RWD,MR,6.3,V,12,NA,False,L,Door23
178,2184,31,458 Speciale,2013,Ferrari 458 S,F142,24,,782,6.9,5,4.7,6.7,445,1395,540,RWD,MR,4.5,V,8,NA,False,L,Door23
179,2034,31,LaFerrari,2013,LaFerrari '13,F150,18,Hybrid,859,7.3,5.9,5.8,7.4,708,1426,900,RWD,MR,6.3,V,12,NA,False,L,Door23
177,1599,31,599XX Evolution,2012,Ferrari 599XX E,F141,19,,869,7,6.7,6.5,7.3,552,1412,700,RWD,F,6,V,12,NA,False,L,Door23
599,1440,31,#62 Risi Competizione 458 Italia GTC,2011,#62 F458 GTC,F142,45,,805,4.9,6.3,6.5,5.3,347,1313,520,RWD,MR,4.5,V,8,NA,False,L,Door23
570,1171,31,599XX,2010,Ferrari 599XX,F141,19,,836,6.2,6,5.8,7.1,515,1412,650,RWD,F,6,V,12,NA,False,L,Door23
176,1131,31,458 Italia,2009,Ferrari 458,F142,24,,727,6.5,4.2,3.9,6,419,1485,540,RWD,MR,4.5,V,8,NA,False,L,Door23
557,1022,31,430 Scuderia,2007,Ferrari 430 S,F131,24,,707,6.4,4.2,4,5.4,375,1350,470,RWD,MR,4.3,V,8,NA,False,L,Door23
175,297,31,360 Challenge Stradale,2003,Ferrari 360 CC,F131,28,,644,5.5,3.8,3.9,4.1,305,1290,373,RWD,MR,3.6,V,8,NA,False,L,Door23
173,257,31,575M Maranello,2002,Ferrari 575M '02,F133,4,,585,5.8,2.6,2.7,4.4,379,1730,588,RWD,F,5.7,V,12,NA,False,L,Door23
174,333,31,Enzo Ferrari,2002,Ferrari Enzo '02,F140,4,,787,7.3,5.3,5.3,6.3,485,1400,657,RWD,MR,6,V,12,NA,False,L,Door23
172,524,31,#12 Risi Competizione F333 SP,1998,Ferrari #12 F333,,2,,935,5.5,8.9,9.3,7.7,485,935,448,RWD,MR,4,V,12,NA,True,R,Open
171,1020,31,F50 GT,1996,Ferrari F50 GT,F130,1,,913,7.7,7,7.2,7.5,559,935,520,RWD,MR,4.7,V,12,NA,False,L,Door23
170,342,31,F50,1995,Ferrari F50 '95,F130,4,,683,5.9,4.1,4.4,4.4,383,1309,470,RWD,MR,4.7,V,12,NA,False,L,Door23
169,253,31,F355 Berlinetta,1994,Ferrari F355,F129,28,,568,5.2,2.7,3,3.6,280,1416,363,RWD,MR,3.5,V,8,NA,False,L,Door23
168,255,31,512 TR,1992,Ferrari 512 '92,F110,4,,533,5.2,2.5,2.9,3.2,314,1674,488,RWD,MR,4.9,F,12,NA,False,L,Door23
167,2126,31,#1 Scuderia Ferrari 641,1990,Ferrari #1 641,,13,,999,6.8,10,10,10,507,668,434,RWD,MR,3.5,V,12,NA,True,C,Open
166,1023,31,F40 Competizione,1989,Ferrari F40 Comp,F120,1,,874,7.8,6.6,7.1,6.5,515,1040,714,RWD,MR,2.9,V,8,TT,False,L,Door23
165,340,31,F40,1987,Ferrari F40 '87,F120,4,,699,6.1,3.6,4,5.6,356,1350,575,RWD,MR,2.9,V,8,TT,False,L,Door23
164,358,31,288 GTO,1984,Ferrari 288 GTO,F114,28,,569,5,2.6,2.9,4,295,1250,496,RWD,MR,2.9,V,8,TT,False,L,Door23
163,2315,31,#72 N.A.R.T. 512 BB/LM,1982,Ferrari #72 BBLM,,15,,774,6.3,5.4,5.9,5.1,373,1140,451,RWD,R,4.9,F,12,NA,False,L,Door23
162,2015,31,#1 Scuderia Ferrari 312 T2,1976,Ferrari #1 312,,6,,871,4.6,7.8,7.9,9.7,373,725,320,RWD,MR,3,F,12,NA,True,C,Open
161,3062,31,512 S,1970,Ferrari 512S,,35,,843,6.7,5.9,6.3,7.9,404,945,503,RWD,MR,5,V,12,NA,False,R,Closed
160,326,31,Dino 246 GT,1969,Ferrari Dino 246,,34,,311,2.1,1.5,1.8,2,145,1132,224,RWD,MR,2.4,V,6,NA,False,L,Door23
159,2793,31,#24 Ferrari Spa 330 P4,1967,Ferrari 330 P4,,35,,764,5.9,4.7,5.2,6.5,336,877,522,RWD,MR,4,V,12,NA,False,R,Closed
158,2401,31,F-158,1964,Ferrari F-158,,5,,677,3.6,4.4,4.5,5.3,157,562,142,RWD,MR,1.5,V,8,NA,True,C,Open
157,2268,31,250LM,1963,Ferrari 250LM,,36,,624,5,3.1,3.3,3.6,235,917,314,RWD,MR,3.3,V,12,NA,False,R,Door23
155,1578,31,250 GT Berlinetta Lusso,1962,Ferrari 250 GT,,27,,381,2.7,1.4,1.5,2.9,189,1105,292,RWD,F,3,V,12,NA,False,L,Door23
156,249,31,250 GTO,1962,Ferrari 250 GTO,,36,,560,4.3,2.6,3.2,3.8,224,977,293,RWD,F,3,V,12,NA,False,R,Door23
154,1154,31,250 Testa Rossa,1957,Ferrari 250 TR,,36,,559,3.7,2.3,2.7,4.2,224,905,302,RWD,F,3,V,12,NA,True,R,Open
153,2186,31,500 Mondial,1953,Ferrari 500 M,,36,,365,2.1,1.6,2.1,2.1,125,832,183,RWD,F,2,I,4,NA,True,R,Closed
152,3019,31,166 Inter Sport,1948,Ferrari 166 IS,,32,,342,1.2,1.9,2.1,2.3,96,686,159,RWD,F,2,V,12,NA,True,R,Open
608,3916,32;95,#130 Mustang RTR,2024,#130 Mustang RTR,S650 - James Deane,42,Mustang,837,5.6,4.5,4.6,6.8,864,1493,1235,RWD,F,7.5,V,8,NA,False,R,Door23
610,3870,32;95,#25 Mustang RTR,2024,#25 Mustang RTR,S650 - Vaughn Gittin Jr.,42,Mustang,810,6.8,4.5,4.6,6.2,844,1469,1262,RWD,F,7.5,V,8,NA,False,L,Door23
609,3868,32;95,#88 Mustang RTR,2024,#88 Mustang RTR,S650 - Chelsea DeNofa,42,Mustang,810,6.8,4.5,4.6,6.1,844,1469,1262,RWD,F,7.5,V,8,NA,False,L,Door23
611,3847,32,Mustang Dark Horse,2024,Ford Dark Horse,S650,25,Mustang,633,5.4,3.8,3.5,4,373,1791,567,RWD,F,5,V,8,NA,False,L,Door23
612,3846,32,Mustang GT,2024,Ford Mustang '24,S650,25,Mustang,579,4.9,2.8,2.8,3.8,362,1736,567,RWD,F,5,V,8,NA,False,L,Door23
618,3995,32,NASCAR Next Gen Mustang Dark Horse,2024,NASCAR Mustang,,43,,855,6,7,7,5.5,500,1508,638,RWD,F,5.9,V,8,NA,False,L,Closed
223,3277,32;70,Mustang Shelby GT500,2020,Ford GT500 '20,S550,25,Mustang,724,6.4,4.1,3.9,5.3,567,1892,847,RWD,F,5.2,V,8,DSC,False,L,Door23
562,3251,32,#98 Breathless Pro Racing TA Mustang,2018,Ford #98 Mustang,,48,Mustang,897,5.5,7.1,7.2,6.7,634,1321,746,RWD,F,5.9,V,8,NA,False,L,Door23
222,3046,32,Mustang GT,2018,Ford Mustang '18,S550,25,Mustang,568,4.9,2.7,2.7,3.7,343,1681,569,RWD,F,5,V,8,NA,False,L,Door23
220,2760,32;85,#17 Shell V-Power Racing Team Falcon FG X,2017,Ford #17 Falcon,,47,,785,5,5.6,5.6,5.7,474,1410,630,RWD,F,5,V,8,NA,False,R,Door45
221,2357,32;84,Focus RS,2017,Ford Focus '17,C346 MkIII,20,Focus,535,4.1,2.6,2.6,3.3,261,1563,475,AWD,F,2.3,I,4,T,False,L,Door45
514,2363,32,GT,2017,Ford GT '17,,24,Ford GT,795,7.9,4.8,4.8,6.8,482,1428,746,RWD,MR,3.5,V,6,TT,False,L,Door23
218,2543,32,#66 Ford Racing GT Le Mans,2016,Ford #66 GT,,44,Ford GT,820,4.6,6.6,6.9,5.6,395,1312,670,RWD,MR,3.6,V,6,TT,False,L,Door23
219,2400,32;70,Shelby GT-350R,2016,Ford GT-350R '16,S550,25,Mustang,651,5,4,3.8,3.9,392,1660,582,RWD,F,5.2,V,8,NA,False,L,Door23
216,2409,32,#02 Chip Ganassi Racing Riley Mk XXVI Daytona Prototype,2015,Ford #02 DP,,10,,921,5.1,9.3,9.2,6.8,447,1096,733,RWD,MR,3.5,V,6,TT,False,L,Closed
217,2580,32;85,Falcon GT F 351,2015,Ford Falcon '15,,25,,544,5.6,2.6,2.4,3.6,351,1828,569,RWD,F,5,V,8,DSC,False,R,Door45
215,2314,32;84,#17 AMD Tuning Focus ST BTCC,2014,Ford #17Focus ST,,12,Focus,703,3.4,5.2,5.4,4.3,246,1160,427,FWD,F,2,I,4,T,False,R,Door45
626,2551,32;85,FPV Limited Edition Pursuit Ute,2014,Ford Ute '14,,25,,479,4.3,2.2,2,3.3,315,1790,545,RWD,F,5,V,8,DSC,False,L,Closed
619,1654,32;70,Shelby GT500,2013,Ford Mustang '13,,25,Mustang,639,6.1,2.9,2.9,4.1,494,1768,856,RWD,F,5.8,V,8,DSC,False,L,Door23
214,1086,32;84,Focus RS,2009,Ford Focus '09,C307 MkII,20,Focus,485,2.8,2.6,2.6,3,224,1468,431,FWD,F,2.5,I,5,T,False,R,Door23
213,348,32,Ford GT,2005,Ford GT '05,,24,Ford GT,642,6.6,3.4,3.5,4.2,410,1538,678,RWD,MR,5.4,V,8,DSC,False,L,Door23
212,2019,32;84,Focus RS,2003,Ford Focus '03,C170 MkI,20,Focus,384,1.9,2.1,2.1,2.6,158,1280,309,FWD,F,2,I,4,T,False,L,Door23
211,405,32,SVT Cobra R,2000,Ford Cobra R '00,SN95,30,Mustang,533,4.3,3.1,3,3.2,287,1637,522,RWD,F,5.4,V,8,NA,False,L,Door23
210,3228,32;84,Racing Puma,1999,Ford Puma '99,,3,,303,1.4,2.1,2.2,1.7,114,1174,161,FWD,F,1.7,I,4,NA,False,R,Door23
615,1510,32,Mustang SVT Cobra R,1995,Ford Mustang '95,SN95,30,Mustang,443,3.5,2.4,2.5,2.8,224,1509,495,RWD,F,5.8,V,8,NA,False,L,Door23
209,1041,32,SVT Cobra R,1993,Ford Cobra R '93,"Foxbody",30,Mustang,374,2.2,2.2,2.4,2.3,175,1417,380,RWD,F,4.9,V,8,NA,False,L,Door23
207,1272,32;84,Escort RS Cosworth,1992,Ford Escort '92,MkV,16,Escort,421,2.7,2.5,2.8,2.4,167,1275,304,AWD,F,2,I,4,T,False,R,Door23
208,2514,32;85,Falcon GT,1992,Ford Falcon '92,,30,,396,3.5,1.8,2,2.6,200,1647,420,RWD,F,4.9,V,8,NA,False,R,Door45
527,3158,32,#15 Roush Racing Whistler Mustang,1991,Ford #15 Mustang,"Foxbody",15,Mustang,824,7.2,5.6,5.9,5.8,537,1247,740,RWD,F,5.9,V,8,NA,False,L,Door23
206,1293,32;84,Sierra Cosworth RS500,1987,Ford Sierra '87,,30,,395,2.6,2.2,2.5,2.7,167,1240,279,RWD,F,2,I,4,T,False,R,Door23
204,2981,32;84,Escort RS Turbo,1986,Ford Escort '86,MkIII "Erika",16,Escort,290,1,1.4,1.6,1.9,97,977,180,FWD,F,1.6,I,4,T,False,R,Door23
205,3181,32,Mustang SVO,1986,Ford Mustang '86,"Foxbody",30,Mustang,314,1.9,1.9,2.2,2,149,1373,325,RWD,F,2.3,I,4,T,False,L,Door23
203,2868,32,#6 Zakspeed Roush Mustang IMSA GT,1982,Ford #6 Mustang,"Foxbody",15,Mustang,810,4.5,6.2,6.4,5.6,395,898,448,RWD,F,1.4,I,4,T,False,L,Door23
201,2125,32;84,#2 Zakspeed Racing Capri Turbo,1981,Ford #2 Capri,,15,,799,4.6,6.2,6.5,5.2,369,895,402,RWD,F,1.4,I,4,T,False,L,Door23
202,2158,32;84,Fiesta XR2,1981,Ford Fiesta '81,,16,,243,1,1.2,1.2,1.2,63,840,123,FWD,F,1.6,I,4,NA,False,R,Door23
200,1302,32;84,Escort RS1800,1977,Ford Escort '77,MkII,38,Escort,267,1,1.3,1.3,1.7,86,901,171,RWD,F,1.8,I,4,NA,False,R,Door23
198,1580,32;84,Escort RS1600,1973,Ford Escort '73,MkI,38,Escort,263,1,1.2,1.2,1.7,85,870,149,RWD,F,1.6,I,4,NA,False,R,Door23
199,1278,32;85,XB Falcon GT,1973,Ford Falcon '73,,37,,337,2,1.3,1.2,2.8,224,1382,515,RWD,F,5.8,V,8,NA,False,R,Door23
630,2585,32;85,Falcon XA GT-HO,1972,Ford Falcon '72,,37,Falcon,374,3.5,1.3,1.4,2.8,306,1570,494,RWD,F,5.8,V,8,NA,False,R,Door45
613,3436,32,#15 Mustang Boss 302 Trans Am,1970,Ford #15 Mustang,,41,Mustang,584,3,3.7,3.5,3.2,343,1470,489,RWD,F,4.9,V,8,NA,False,L,Door23
197,1668,32,Mustang Boss 302,1969,Ford Mustang '69,,37,Mustang,343,2.7,1.3,1.4,2.4,216,1474,393,RWD,F,4.9,V,8,NA,False,L,Door23
196,2614,32,Mustang GT 2+2 Fastback,1968,Ford Mustang '68,,37,Mustang,297,3,1,1,2.3,242,1609,579,RWD,F,6.4,V,8,NA,False,L,Door23
194,2792,32,#2 GT40 Mk II Le Mans,1966,Ford GT40 Mk II,,35,Ford GT,728,6,4.3,4.6,5,362,1217,644,RWD,MR,7,V,8,NA,False,R,Door23
195,1486,32;44;84,Lotus Cortina,1966,Ford Cortina '66,,38,,248,1,1.1,1.1,1.4,86,934,146,RWD,F,1.6,I,4,NA,False,L,Door23
193,1355,32,Mustang GT Coupe,1965,Ford Mustang '65,,37,Mustang,338,2.3,1.1,1.2,2.9,202,1162,423,RWD,F,4.7,V,8,NA,False,L,Door23
192,2980,32,GT40 MKI,1964,Ford GT40 Mk I,,35,Ford GT,691,5.3,4,4.4,4.4,291,1005,427,RWD,MR,4.7,V,8,NA,False,R,Door23
604,3523,95;72,#151 Toyota GR Supra,2020,#151 FD Supra,Mk5 J29 - Fredric Aasbø,42,Supra,801,4.1,4.2,4.4,5.7,770,1432,1232,RWD,F,3,I,6,T,False,L,Door23
638,3551,95;14,#91 BMW M2,2020,#91 BMW M2,,42,M1/M2,801,4.9,4.3,4.3,6.3,613,1292,920,RWD,F,6.2,V,8,NA,False,L,Door23
624,2997,95;33,#530 HSV Maloo GEN-F,2016,#530 HSV Maloo,,42,,768,6.6,3.8,3.7,5.4,746,1300,1221,RWD,F,6.2,V,8,DSC,False,R,Door23
605,2996,95;32,#13 Ford Mustang,2015,#13 Ford Mustang,S550 - Justin Pawlak,42,Mustang,767,3.3,4.1,4.2,5.6,735,1388,1128,RWD,F,5,V,8,CS,False,L,Door23
606,3003,95;26,#43 Dodge Viper SRT10,2006,#43 Dodge Viper,ZB I - Dean Kearney,42,Viper,816,6.1,4.6,4.7,6.1,1007,1297,1900,RWD,F,8.3,V,10,TT,False,L,Door23
607,3000,95;57,#777 Nissan 240SX,1997,#777 Nissan 240,S14 - Matt Field,42,S-Chassis,799,5,3.9,4.1,6.5,938,1391,1372,RWD,F,7,V,8,DSC,False,L,Door23
524,3460,81,#6 Team LNT Ginetta G60-LT-P1,2019,Ginetta #6 G60,,9,,981,7.1,10,10,8.1,537,886,850,RWD,MR,2.4,V,6,TT,False,L,Closed
580,3429,81,G40 Junior,2019,Ginetta G40 Jr,,49,,300,1,2.8,2.8,1.6,75,864,140,RWD,F,1.8,I,4,NA,False,R,Door23
575,3427,81,G55 GT4,2019,Ginetta G55 GT4,,46,,723,3.4,5.3,5.4,4.7,283,1165,434,RWD,F,3.7,V,6,NA,False,L,Door23
534,3599,86,T.50,2022,GMA T.50,,18,,859,8.2,6.2,6.1,6.3,489,1017,467,RWD,MR,4,V,12,NA,False,C,Door23
625,2584,97;33,VK Commodore Group A,1985,Holden VK '85,,30,,359,1.9,1.6,1.7,2.4,196,1340,418,RWD,F,5,V,8,NA,False,R,Door45
621,3284,96;22,Camaro Exorcist,2019,Exorcist '19,,18,,725,7.4,3.9,3.7,4.9,746,1750,1198,RWD,F,6.2,V,8,DSC,False,L,Door23
228,2796,33,#22 Walkinshaw Performance VF Commodore,2017,Holden #22 VF,,47,,785,5,5.5,5.5,5.9,462,1410,649,RWD,F,5,V,8,NA,False,R,Door45
631,2118,33,#10 Holden Xbox Racing Team Commodore VG,2013,#10 VF Commodore,,39,,781,4.8,5.5,5.5,5.8,462,1410,650,RWD,F,5,V,8,NA,False,R,Door45
627,2587,33,HSV Commodore Group A SV,1991,Holden VN '91,,30,,388,4.1,1.9,2,2.4,215,1560,411,RWD,F,5,V,8,NA,False,R,Door45
227,2203,33,VL Commodore Group A SV,1988,Holden VL '88,,30,,359,3.1,1.7,1.8,2.4,180,1415,380,RWD,F,5,V,8,NA,False,R,Door45
226,1533,33,Torana A9X,1977,Holden Torana 77,,38,,298,1.4,1,1.1,2.6,161,1183,400,RWD,F,5,V,8,NA,False,R,Door23
225,2417,33,HQ Monaro GTS 350,1973,Holden Monaro 73,HQ,37,,321,1.3,1.1,1.2,2.6,205,1429,488,RWD,F,5.7,V,8,NA,False,R,Door23
224,1511,33,Monaro GTS 327,1968,Holden Monaro 68,HK,31,,282,1.3,1,1,2.4,186,1488,441,RWD,F,5.4,V,8,NA,False,R,Door23
239,3545,34,#73 LA Honda World Racing Civic,2020,Honda #73 Civic,FK8,12,Civic,693,2.9,5.3,5.4,4.3,254,1305,420,FWD,F,2,I,4,T,False,L,Door45
238,2870,34,Civic Type R,2018,Honda Civic '18,FK8,20,Civic,571,4.9,2.8,3.1,3.5,228,1414,400,FWD,F,2,I,4,T,False,L,Door45
237,2005,34,S2000 CR,2009,Honda S2000 '09,,22,,405,3,2.2,2.5,2.4,177,1276,220,RWD,F,2.2,I,4,NA,False,L,Door23
236,411,34,NSX-R,2005,Honda NSX-R '05,,28,NSX,524,4.4,2.7,3,3.3,216,1270,305,RWD,MR,3.2,V,6,NA,False,R,Door23
235,302,34,Civic Type R,2004,Honda Civic '04,EP3,20,Civic,379,2.5,1.8,2.1,2.2,158,1190,202,FWD,F,2,I,4,NA,False,R,Door23
234,2817,34,Prelude Type SH,2000,Honda Prelude,,3,,312,2,1.5,1.7,2.1,149,1380,212,FWD,F,2.2,I,4,NA,False,L,Door23
233,1273,34,Civic Type R,1997,Honda Civic '97,EK9,16,Civic,348,2.6,1.6,1.9,2.2,136,1090,160,FWD,F,1.6,I,4,NA,False,R,Door23
232,412,34,NSX-R,1992,Honda NSX-R '92,,28,NSX,502,4,2.5,2.8,3.2,206,1230,294,RWD,MR,3,V,6,NA,False,R,Door23
231,320,34,CR-X SiR,1991,Honda CR-X '91,,16,Civic,305,1.9,1.7,2.1,1.7,118,980,152,FWD,F,1.6,I,4,NA,False,R,Door23
230,2205,34,S800,1970,Honda S800 '70,,27,,210,1,1.3,1.2,1.1,52,710,65,RWD,F,0.8,I,4,NA,True,L,Door23
229,2265,34,RA300,1967,Honda RA300,,5,,747,4.9,4.3,4.1,7.2,313,590,300,RWD,MR,3,V,12,NA,True,C,Open
241,2131,35;33,GEN-F GTS,2014,Holden GEN-F '14,,25,,560,5.7,2.7,2.5,4,430,1881,739,RWD,F,6.2,V,8,DSC,False,R,Door45
629,2422,35,Limited Edition GEN-F GTS Maloo,2014,HSV Maloo,,25,,568,4.7,2.8,2.5,3.8,430,1830,740,RWD,F,6.2,V,8,DSC,False,R,Door23
628,1396,35;33,GTS,2011,HSV GTS,,25,,503,4.7,2.5,2.4,3.3,325,1777,550,RWD,F,6.2,V,8,NA,False,R,Door45
240,2582,35;33,GTSR,1996,Holden GTSR '96,,30,,416,3.6,1.9,2,2.7,230,1629,475,RWD,F,5.7,V,8,NA,False,R,Door45
244,3532,36,#98 Bryan Herta Autosport Veloster N,2020,#98 Veloster,,12,,692,3.3,5.2,5.4,4.3,261,1315,460,FWD,F,2,I,4,T,False,L,Door23
242,2872,36,Veloster N,2019,Veloster N '19,,20,,468,3.6,2.6,2.7,2.7,205,1409,353,FWD,F,2,I,4,T,False,L,Door23
243,3802,36,Veloster N Forza Edition,2019,Veloster FE '19,,20,,497,2.8,3.3,3.5,2.6,206,1444,354,FWD,F,2,I,4,T,False,L,Door23
247,2166,37;57,Q50 Eau Rouge,2014,Infiniti Q50 '14,,29,,663,7.3,2.9,2.6,4.8,418,1825,600,AWD,F,3.8,V,6,TT,False,L,Door45
246,1663,37;57,IPL G Coupe,2012,Infiniti IPL '12,,25,,442,4.3,2.3,2.3,2.8,259,1686,375,RWD,F,3.7,V,6,NA,False,L,Door23
245,350,37;57,G35 Coupe,2003,Infiniti G35 '03,,30,,415,4.4,2.1,2.3,2.6,209,1558,366,RWD,F,3.5,V,6,NA,False,L,Door23
256,2162,38,F-Type R Coupé,2015,Jag. F-Type R 15,,23,,646,6.4,3.2,2.9,4.7,410,1650,681,RWD,F,5,V,8,DSC,False,L,Door23
257,2185,38,XFR-S,2015,Jag. XRF-S '15,X250,29,,570,6.6,2.9,2.6,4,410,1987,681,RWD,F,5,V,8,DSC,False,R,Door45
258,2235,38,XKR-S GT,2015,Jag. XKR-S GT '15,X150,25,,646,6.1,3.6,3.3,4.7,404,1804,679,RWD,F,5,V,8,DSC,False,L,Door23
254,489,38,XJ220,1993,Jag. XJ220 '93,,4,,700,7,3.6,3.8,5.5,404,1470,641,RWD,MR,3.5,V,6,TT,False,L,Door23
255,3293,38,XJ220S TWR,1993,Jag. XJ220S '93,,4,,786,7.9,4.2,4.5,6.4,507,1079,713,RWD,MR,3.5,V,6,TT,False,L,Door23
253,3287,38,Sport XJR-15,1991,Jag. XJR-15 '91,,4,,740,6.5,3.7,4.1,5.6,336,1050,569,RWD,MR,6,V,12,NA,False,R,Door23
252,2826,38,#1 Jaguar Racing XJR-9,1988,Jag. #1 XJR-9,,14,,969,6.2,10,10,8.8,559,881,828,RWD,MR,7,V,12,NA,False,R,Closed
251,2800,38,#44 Group 44 XJR-5,1983,Jag. #44 XJR-15,,14,,928,7.2,9.2,9.9,7.5,391,921,584,RWD,MR,5.3,V,12,NA,False,R,Closed
250,336,38,E-type,1961,Jag. E-Type,,36,,304,1.5,1.3,1.5,1.9,198,1315,353,RWD,F,3.8,I,6,NA,False,R,Door23
249,2559,38,Mk II 3.8,1959,Jag. Mk II '59,,27,,252,1,1,1,1.6,164,1524,326,RWD,F,3.8,I,6,NA,False,R,Door45
248,1301,38,D-Type,1956,Jag. D-Type,,36,,493,4.7,2.3,2.9,2.3,183,953,328,RWD,F,3.4,I,6,NA,True,R,Open
260,3315,39,Jesko,2020,Koe. Jesko '20,,21,,941,10,6.3,6.3,7.8,1195,1420,1500,RWD,MR,5.1,V,8,TT,False,L,Door23
259,2910,39,Agera RS,2017,Koe. Agera '17,,21,,905,10,5.6,5.5,7.8,1000,1395,1369,RWD,MR,5.1,V,8,TT,False,L,Door23
516,3492,40,X-Bow GT2,2020,KTM X-Bow GT2,,19,,849,5.1,6.6,6.8,6.7,447,1138,720,RWD,MR,2.5,I,5,T,False,L,Door23
262,3035,40,X-Bow GT4,2018,KTM X-Bow GT4,,46,,750,2.5,7.3,7.3,4.9,243,1025,400,RWD,MR,2,I,4,T,False,L,Door23
261,1653,40,X-Bow R,2013,KTM X-Bow R '13,,33,,685,2,5.4,5.3,4.6,220,810,400,RWD,MR,2,I,4,T,True,L,Open
602,3759,41,Huracán EVO Spyder,2022,Huracán Spyder,,24,,736,6.3,3.9,3.6,5.5,470,1785,600,AWD,MR,5.2,V,10,NA,False,L,Door23
276,3606,41,Essenza SCV12,2020,L. Essenza SCV12,,19,,923,7.2,8.3,8.2,6.9,610,1447,800,RWD,MR,6.5,V,12,NA,False,L,Door23
277,3371,41,Huracán EVO,2020,L. Huracán E '20,,24,,752,6.3,4.1,3.8,5.8,470,1665,600,AWD,MR,5.2,V,10,NA,False,L,Door23
278,3672,41,Huracán STO,2020,L. Huracán S '20,,24,,766,6,5,4.7,6.4,470,1512,565,RWD,MR,5.2,V,10,NA,False,L,Door23
275,3633,41,Sián FKP 37,2019,L. Sián '19,,21,Hybrid,806,7.6,4.4,4.2,7,603,1892,754,AWD,MR,6.5,V,12,NA,False,L,Door23
549,3239,41,#63 Squadra Corse Huracán Super Trofeo Evo,2018,L. #63 Huracán,,51,,824,5,6.5,6.6,6.1,456,1358,570,RWD,MR,5.2,V,10,NA,False,L,Door23
273,3289,41,Aventador SVJ,2018,L. Aventador '18,,18,,823,7.3,5,4.9,7.1,566,1736,720,AWD,MR,6.5,V,12,NA,False,L,Door23
274,3217,41,Huracán Performante,2018,L. Huracán '18,,24,,781,6.3,4.6,4.4,6.2,470,1555,600,AWD,MR,5.2,V,10,NA,False,L,Door23
588,2479,41,Aventador Superveloce,2016,Aventador '16,,18,,785,7.1,4.4,4.2,6.7,552,1754,690,AWD,MR,6.5,V,12,NA,False,L,Door23
272,2616,41,Centenario LP 770-4,2016,L. Centenario 16,,18,,803,7.2,4.5,4.4,6.9,566,1764,690,AWD,MR,6.5,V,12,NA,False,L,Door23
587,2379,41,#63 Squadra Corse Huracán LP620-2 Super Trofeo,2015,#63 Lambo Super,,51,,814,4.1,6.6,6.4,6.4,456,1358,570,RWD,MR,5.2,V,10,NA,False,L,Door23
585,2164,41,Huracán LP 610-4,2014,Lambo Huracán,,24,,763,6.7,4,3.8,6.2,449,1553,560,AWD,MR,5.2,V,10,NA,False,L,Door23
271,2042,41,Veneno,2013,L. Veneno '13,,21,,833,7.1,5.6,5.6,6.9,552,1517,690,AWD,MR,6.5,V,12,NA,False,L,Door23
270,1583,41,Aventador J,2012,L. Aventador '12,,18,,777,6.7,4.2,4.1,6.8,515,1622,690,AWD,MR,6.5,V,12,NA,False,L,Door23
269,1322,41,Gallardo LP 570-4 Superleggera,2011,L. Gallardo '11,,24,,731,7,3.6,3.7,5,419,1574,540,AWD,MR,5.2,V,10,NA,False,L,Door23
540,1392,41,Sesto Elemento,2011,Lambo Sesto,,24,,819,6.5,4.6,4.6,7.2,419,999,540,AWD,MR,5.2,V,10,NA,False,L,Door23
558,1173,41,Murciélago LP 670-4 SV,2010,Lambo Murcielago,,18,,755,6.8,4.1,3.9,5.2,493,1655,660,AWD,MR,6.5,V,12,NA,False,L,Door23
596,1125,41,Reventón,2008,Lambo Revénton,,18,,719,7.4,3.6,3.5,4.3,478,1845,660,AWD,MR,6.5,V,12,NA,False,L,Door23
268,324,41,Diablo GTR,1999,L. Diablo GTR 99,,1,,748,6.7,4.9,5,4.9,440,1475,640,RWD,MR,6,V,12,NA,False,L,Door23
267,325,41,Diablo SV,1997,L. Diablo SV '97,,4,,653,6.9,3,3.3,4.5,395,1576,605,RWD,MR,5.7,V,12,NA,False,L,Door23
266,316,41,Countach LP5000 QV,1988,L. Countach '88,,4,,588,4.4,2.7,3.1,3.9,339,1490,500,RWD,MR,5.2,V,12,NA,False,L,Door23
265,3191,41,Espada 400 GT,1973,L. Espada '73,,34,,357,2.7,1.5,1.7,2.5,261,1635,393,RWD,F,3.9,V,12,NA,False,L,Door23
264,2207,41,Jarama S,1972,L. Jarama S '72,,34,,377,2.8,1.7,1.7,2.8,272,1535,407,RWD,F,3.9,V,12,NA,False,L,Door23
263,637,41,Miura P400,1967,L. Miura '67,,34,,402,3.5,1.6,1.8,2.9,261,1292,369,RWD,MR,3.9,V,12,NA,False,L,Door23
551,323,88,Delta HF Integrale EVO,1992,Lancia Delta '92,,16,,309,1.6,1.6,1.6,2,157,1340,304,AWD,F,2,I,4,T,False,L,Door45
283,3520,42;72,LC 500,2021,Lexus LC 500 '21,,29,,542,5.8,2.7,2.6,3.6,351,1935,540,RWD,F,5,V,8,NA,False,L,Door23
572,3457,42;72,#14 VASSER SULLIVAN RC F GT3,2020,Lexus #14 RC F,,45,,784,4.7,6.2,6.3,5.4,373,1415,549,RWD,F,5.4,V,8,NA,False,L,Door23
282,3546,42;72,RC F Track Edition,2020,Lexus RC F T '20,,23,,575,5.8,3.3,3,3.8,352,1715,536,RWD,F,5,V,8,NA,False,L,Door23
281,2175,42;72,RC F,2015,Lexus RC F '15,,23,,542,6.4,2.7,2.8,3.4,348,1795,526,RWD,F,5,V,8,NA,False,L,Door23
280,2097,42;72,IS 350 F Sport,2014,Lexus IS 350 '14,,25,,417,4.3,2,2.1,2.8,228,1630,376,RWD,F,3.5,V,6,NA,False,L,Door45
279,1535,42;72,GS350 F Sport,2013,Lexus GS350 '13,,29,,459,4.7,2.1,2.3,2.7,228,1801,376,AWD,F,3.5,V,6,NA,False,L,Door45
517,1260,42;72,LFA,2010,Lexus LFA '10,,24,,697,6,4.1,3.9,5,412,1480,480,RWD,F,4.8,V,10,NA,False,L,Door23
577,3365,91,#11 Eurointernational JS P3,2016,Ligier #11 JS P3,,40,,897,3.9,9.1,9.3,6.7,313,1005,530,RWD,MR,5,V,8,NA,False,L,Closed
284,2312,43,#10 Simoniz Special T163,1969,Lola #10 T163,,26,,840,5.7,6,6.2,9.3,459,910,759,RWD,MR,7,V,8,NA,True,R,Open
285,2423,43,#6 Sunoco T70 MkIIIB,1969,Lola #6 T70,,26,,798,5.2,5.9,6.2,7.1,343,970,536,RWD,MR,5,V,8,NA,False,R,Closed
293,3716,44,Emira,2023,Lotus Emira '23,,24,,600,4.6,3.7,3.7,3.7,298,1405,420,RWD,MR,3.5,V,6,DSC,False,L,Door23
292,3449,44,Evija,2020,Lotus Evija '20,,18,,931,6.7,4.7,4.8,4.6,1471,1680,1699,AWD,MR,0,E,0,EV,False,L,Door23
291,2541,44,3-Eleven,2016,Lotus 3-Eleven,,33,,734,3.9,4.9,4.7,6.5,306,970,417,RWD,MR,3.5,V,6,DSC,True,L,Open
290,2165,44,Evora S,2011,Lotus Evora '11,,23,,588,4.6,3.2,3.3,3.8,257,1437,400,RWD,MR,3.5,V,6,DSC,False,R,Door23
289,335,44,Esprit V8,2002,Lotus Esprit '02,,28,,579,5.1,2.7,3,4,261,1293,400,RWD,MR,3.5,V,8,TT,False,R,Door23
573,3301,44,#12 Team Lotus 98T,1986,Lotus #12 98T,,13,,999,7.1,10,10,8.8,671,686,655,RWD,MR,1.5,V,6,TT,True,C,Open
288,2266,44,#5 Team Lotus 77,1976,#5 Lotus 77,,6,,877,4.2,7.8,7.9,7.9,347,686,353,RWD,MR,3,V,8,NA,True,C,Open
287,330,44,Elan Sprint,1971,Lotus Elan '71,,38,,272,1,1.1,1.3,1.6,94,744,153,RWD,F,1.6,I,4,NA,False,R,Door23
286,2024,44,Type 49,1967,Lotus Type 49,,5,,761,5.4,4.4,4.5,6.3,301,605,350,RWD,MR,3,V,8,NA,True,C,Open
528,3309,44,#1 Team Lotus Type 40,1965,Lotus Type 40,,35,,736,5.9,3.8,4.2,6.5,336,946,550,RWD,MR,5.8,V,8,NA,True,R,Open
559,3268,44,Team Lotus type 35,1965,Lotus Type 35,,5,,710,4.4,4.2,4.5,6.1,205,594,285,RWD,MR,3,V,8,NA,True,C,Open
295,3677,45,03+,2021,Lynk 03 '21,,22,,415,3.6,2.3,2.4,2.4,187,1615,350,AWD,F,2,I,4,T,False,L,Door45
294,3552,45,#62 Cyan Racing 03,2020,Lynk #62 03,,12,,688,3.1,5.1,5.3,3.8,254,1320,409,FWD,F,2,I,4,T,False,L,Door45
302,2051,46,Ghibli S Q4,2014,Mas. Ghibli '14,,29,,537,4.5,2.5,2.5,3.6,301,1870,549,AWD,F,3,V,6,TT,False,L,Door45
301,391,46,MC12,2004,Mas. MC12 '04,,4,,759,6.9,4.7,4.8,6.1,465,1425,652,RWD,MR,6,V,12,NA,False,L,Door23
300,1513,46,Ghibli Cup,1997,Mas. Ghibli '97,,30,,475,4.6,2.2,2.4,3.3,243,1365,370,RWD,F,2,V,6,TT,False,L,Door23
299,1524,46,Tipo 61 Birdcage,1961,Mas. Tipo 61,,36,,595,3.9,2.8,2.8,4.4,187,600,309,RWD,F,2.9,I,4,NA,True,R,Open
298,1462,46,300 S,1957,Mas. 300 S,,36,,554,3.9,2.6,3.1,3.3,194,780,335,RWD,F,3,I,6,NA,True,R,Open
297,2506,46,A6GCS/53 PininFarina Berlinetta,1953,Mas. A6GCS,,36,,290,1.9,1.1,1.3,1.7,127,900,183,RWD,F,2,I,6,NA,False,L,Door23
296,2068,46,8CTF,1939,Mas. 8CTF,,32,,606,5,2.4,2.9,4,268,892,450,RWD,F,3,I,8,DSC,True,C,Open
576,3080,90,#146 Equipe Matra-Simca MS650 Tour de France,1970,Matra #146 MS650,,35,,775,5.2,5,5.3,6.8,306,829,339,RWD,MR,3,V,12,NA,True,R,Open
538,3798,47,MX-5 Cup,2017,Mazda MX-5 C '17,ND,39,Miata,477,1.6,3.5,3.6,2.3,135,1077,205,RWD,F,2.4,I,4,NA,True,L,Door23
318,2267,47,MX-5,2016,Mazda MX-5 '16,ND,22,Miata,377,1.9,2.2,2.5,2.3,116,1048,201,RWD,F,2,I,4,NA,True,L,Door23
317,2083,47,Formula Mazda,2015,Formula Mazda 15,,7,,699,2.4,5.8,6.2,4.1,134,555,216,RWD,MR,1.3,R,2,NA,True,C,Open
316,2240,47;43,#70 SpeedSource Lola B12/80,2014,Mazda #70 B12/80,,10,,949,5.6,10,10,6.6,336,952,746,RWD,MR,2.2,I,4,TT,False,C,Closed
315,2004,47,MX-5,2013,Mazda MX-5 '13,NC,22,Miata,345,2.4,1.9,2.3,2,125,1176,190,RWD,F,2,I,4,NA,False,L,Door23
314,1426,47,RX-8 R3,2011,Mazda RX-8 '11,,22,RX,369,2.8,2.1,2.3,2.1,173,1390,216,RWD,F,1.3,R,2,NA,False,L,Door23
622,1403,47,#16 Mazda Racing B09/86,2010,Mazda #16 B09/86,,10,,939,5.1,9.8,9.9,7.3,391,885,551,RWD,MR,2,I,4,T,False,L,Closed
313,425,47,RX-7 Spirit R Type-A,2002,Mazda RX-7 '02,FD,3,RX,519,4.7,2.6,2.9,3.2,206,1270,313,RWD,F,1.3,R,2,TT,False,R,Door23
312,424,47,RX-7,1997,Mazda RX-7 '97,FD,3,RX,462,4.7,2.2,2.4,2.9,195,1284,294,RWD,F,1.3,R,2,TT,False,R,Door23
311,1110,47,MX-5 Miata,1994,Mazda MX-5 '94,NA,3,Miata,287,1,1.8,2.1,1.6,95,1057,149,RWD,F,1.8,I,4,NA,False,L,Door23
310,2209,47,323 GT-R,1992,Mazda 323 '92,,16,,382,2.1,1.6,1.8,2.5,154,1210,249,AWD,F,1.8,I,4,T,False,R,Door23
308,1335,47,#55 Mazda 787B,1991,Mazda #55 787B,,14,,954,7.2,9.9,10,7.7,515,905,608,RWD,MR,2.6,R,4,NA,False,R,Closed
309,2334,47,#62 RX-7,1991,Mazda #62 RX-7,FC,15,RX,819,5.7,6,6.3,6.3,477,1110,529,RWD,F,2.6,R,4,NA,False,L,Door23
306,2255,47,MX-5 Miata,1990,Mazda MX-5 '90,NA,3,Miata,268,1,1.8,1.9,1.5,86,1002,136,RWD,F,1.6,I,4,NA,False,L,Door23
307,423,47,Savanna RX-7,1990,Mazda RX-7 '90,FC,3,RX,334,3.1,1.7,1.8,2.1,149,1355,266,RWD,F,1.3,R,2,T,False,R,Door23
305,1480,47,RX-7 GSL-SE,1985,Mazda RX-7 '85,FB,3,RX,274,1.3,1.4,1.7,1.4,101,1168,180,RWD,F,1.3,R,2,NA,False,L,Door23
304,1514,47,RX-3,1973,Mazda RX-3 '73,,38,RX,233,1,1,1,1.2,82,934,136,RWD,F,1.1,R,2,NA,False,L,Door23
303,1587,47,Cosmo 110S Series II,1972,Mazda Cosmo '72,,27,,247,1,1,1.1,1.2,95,957,140,RWD,F,1,R,2,NA,False,R,Door23
603,3668,48,Artura,2023,McL. Artura '23,,18,,751,7.3,3.9,3.6,6.3,500,1535,720,RWD,MR,3,V,6,TT,False,L,Door23
333,3655,48,620R,2021,McL. 620 '21,,24,,752,5.9,4.5,4.2,6.6,456,1420,620,RWD,MR,3.8,V,8,TT,False,L,Door23
334,3482,48,765LT Coupe,2021,McL. 765 '21,,24,,830,7.1,5.1,4.8,7.9,563,1339,800,RWD,MR,4,V,8,TT,False,L,Door23
589,3700,48,Sabre,2021,McL. Sabre '21,,21,,786,7.5,4.4,4.1,7.5,614,1478,801,RWD,MR,4,V,8,TT,False,L,Door23
332,3437,48,GT,2020,McL. GT '20,,18,,710,6.4,3.5,3.4,5.8,456,1535,629,RWD,MR,4,V,8,TT,False,L,Door23
530,3157,48,#03 720S GT3,2019,McLaren #03 720S,,45,,806,4.6,6.4,6.7,6.2,388,1393,610,RWD,MR,4,V,8,TT,False,L,Door23
331,3154,48,720S Spider,2019,McL. Spider '19,,24,,786,5.9,4.8,4.4,7.4,530,1473,770,RWD,MR,4,V,8,TT,False,L,Door23
548,3155,48,Senna GTR,2019,McL. SennaGTR 19,,19,,908,6.4,7.8,7.6,7.9,607,1364,801,RWD,MR,4,V,8,TT,False,L,Door23
328,3153,48,600LT Coupé,2018,McL. 600 '18,,24,,753,6.2,4.2,4.1,6.8,441,1358,620,RWD,MR,3.8,V,8,TT,False,L,Door23
329,2846,48,720S Coupe,2018,McL. 720 '18,,24,,807,7.1,4.8,4.6,7.7,529,1424,770,RWD,MR,4,V,8,TT,False,L,Door23
330,2988,48,Senna,2018,McL. Senna '18,,21,,860,7,6.3,6,7.9,588,1374,800,RWD,MR,4,V,8,TT,False,L,Door23
541,2189,48,650S Coupe,2015,McLaren 650S,,24,,756,6.7,4.1,3.9,6.4,478,1428,678,RWD,MR,3.8,V,8,TT,False,L,Door23
327,2481,48,P1 GTR,2015,McL. P1 GTR '15,,19,Hybrid,911,8.4,6.7,6.6,8.6,735,1445,1001,RWD,MR,3.8,V,8,TT,False,L,Door23
326,1667,48,P1,2013,McL. P1 '13,,18,Hybrid,862,9.7,5.5,5.4,7.8,674,1495,900,RWD,MR,3.8,V,8,TT,False,L,Door23
325,338,48,F1 GT,1997,McL. F1 GT '97,,1,,787,7.6,5.1,5.4,5.8,461,1120,651,RWD,MR,6.1,V,12,NA,False,C,Door23
324,1314,48,F1,1993,McL. F1 '93,,4,,736,9.2,3.7,3.9,5.3,468,1288,651,RWD,MR,6.1,V,12,NA,False,C,Door23
323,1670,48;34,#12 Honda McLaren MP4/4,1988,#12 McLaren MP4,,13,,999,6.8,10,10,10,504,652,424,RWD,MR,1.5,V,6,TT,True,C,Open
322,1672,48,#11 Team McLaren M23,1976,#11 McLaren M23,,6,,865,4.4,7.6,7.7,8.1,347,740,353,RWD,MR,3,V,8,NA,True,C,Open
321,1457,48,#4 McLaren Cars M8B,1969,McLaren #4 M8B,,26,,860,7.2,6.1,6.5,9.1,473,831,780,RWD,MR,7,V,8,NA,True,R,Open
319,3270,48,#4 Bruce McLaren Motor Racing M1B,1966,McLaren #4 M1B,,26,,805,6.1,5.1,5.3,8,392,839,600,RWD,MR,5.4,V,8,NA,True,R,Open
320,1671,48,M2B,1966,McLaren M2B,,5,,725,3.5,4.7,4.7,6.6,224,535,300,RWD,MR,3,V,8,NA,True,C,Open
341,3650,49;50,Mercedes-AMG ONE,2021,M-AMG ONE '21,,21,AMG;Hybrid,912,7.6,6,6.1,10,654,1695,725,AWD,MR,1.6,V,6,T,False,L,Door23
340,3616,49;50,GT Black Series,2020,M-AMG GT '20,R190,24,AMG,801,6.1,5.3,4.9,6.8,537,1640,800,RWD,F,4,V,8,TT,False,L,Door23
338,3250,49;50,E 63 S,2018,M-AMG E 63 '18,W213,29,AMG,676,6.7,2.8,2.5,5.6,450,2048,849,AWD,F,4,V,8,TT,False,L,Door45
339,3064,49;50,GT 4-Door Coupé,2018,AMG GT Coupe '18,X290,29,AMG,684,7.4,2.8,2.6,5.4,470,2045,899,AWD,F,4,V,8,TT,False,L,Door45
532,3197,49;50,GT3,2018,M-AMG GT3,,45,AMG,817,5,6.4,6.7,6.1,404,1375,599,RWD,F,6.2,V,8,NA,False,L,Door23
337,2654,49;50,GT R,2017,AMG GT R '17,R190,24,AMG,728,6.5,4.5,4.3,5.7,430,1555,700,RWD,F,4,V,8,TT,False,L,Door23
335,2471,49;50,C 63 S Coupé,2016,AMG C 63 '16,W205,25,AMG,601,5.5,3.3,2.9,4.4,375,1800,700,RWD,F,4,V,8,TT,False,L,Door23
336,3803,49;50,C 63 S Coupé Forza Edition,2016,M-AMG C 63 FE,W205,25,AMG,700,5.2,4.5,4.2,5,430,1770,803,RWD,F,4,V,8,TT,False,L,Door23
353,2875,50,#33 Mac Tools Ciceley Motorsports A-Class (A45),2017,MB #33 A45,,12,,698,3.2,5.1,5.2,4.3,261,1260,427,FWD,F,2,I,4,T,False,R,Door45
352,1658,50;49,A 45 AMG,2013,MB A 45 '13,W176,20,AMG,529,3.9,2.4,2.2,3.5,265,1480,442,AWD,F,2,I,4,T,False,L,Door45
350,1500,50;49,C 63 AMG Coupé Black Series,2012,MB C 63 '12,W204,25,AMG,619,5.8,3,2.9,4.5,380,1748,620,RWD,F,6.2,V,8,NA,False,L,Door23
351,1525,50;49,SLK 55 AMG,2012,MB SLK 55 '12,R172,23,AMG,551,6.1,2.3,2.3,4,309,1600,540,RWD,F,5.5,V,8,NA,False,L,Door23
349,1202,50;49,SLS AMG,2011,MB SLS AMG '11,R197,24,AMG,688,6.8,3.6,3.4,5.2,426,1620,650,RWD,F,6.2,V,8,NA,False,L,Door23
348,1090,50;49,SL 65 AMG Black Series,2009,MB SL 65 '09,R230,24,AMG,684,7.1,3.2,3.2,5.1,493,1912,1001,RWD,F,6,V,12,TT,False,L,Door23
347,286,50;49,C 32 AMG,2004,MB C 32 '04,W203,30,AMG,470,5.1,2.2,2.2,3.4,260,1635,450,RWD,F,3.2,V,6,DSC,False,L,Door45
597,568,50;49,AMG CLK GTR,1998,MB CLK GTR '98,,1,,759,6.2,4.9,5,5.7,464,1507,731,RWD,MR,6.9,V,12,NA,False,L,Door23
346,1296,50,190E 2.5-16 Evolution II,1990,MB 190E '90,W201,30,,400,3,2.7,2.8,2.4,175,1350,246,RWD,F,3,I,4,NA,False,L,Door45
345,1560,50,#63 Sauber-Mercedes C 9,1989,MB #63 C9,,14,,959,8.4,9.7,10,8.3,559,979,810,RWD,MR,5,V,8,TT,False,R,Closed
344,1559,50,300 SLR,1955,MB 300 SLR,W196S,36,,533,4.7,2.5,3.1,3.3,231,1098,317,RWD,F,3,I,8,NA,True,L,Open
343,251,50,300 SL Coupé,1954,MB 300 SL '54,W198,27,,291,2,1.1,1.3,1.9,180,1343,294,RWD,F,3,I,6,NA,False,L,Door23
342,2069,50,W154,1939,MB W154,,32,,583,5.8,2.1,2.7,3.2,360,1312,490,RWD,F,3,V,12,DSC,True,C,Open
355,2333,51,#15 Whistler Radar Cougar XR-7,1990,Mercury #15 XR-7,,15,,812,5.9,5.6,5.9,5.8,503,1201,760,RWD,F,5.5,V,8,NA,False,L,Door23
354,1280,51,Cougar Eliminator,1970,Mercury Cougar,,37,,369,1,1.1,1.3,3.1,250,1558,597,RWD,F,7,V,8,NA,False,L,Door23
356,3028,52,#11 MAC Tools XR4Ti,1986,Merkur #11 XR4Ti,,15,,807,5.7,5.9,6.2,5.6,447,1169,760,RWD,F,6,V,8,NA,False,L,Door23
359,3689,53,MG6 XPower,2021,MG MG6 '21,,25,,518,4.2,2.8,2.9,3.1,224,1540,480,FWD,F,1.5,I,4,T,False,L,Door45
537,3537,53,#20 MG6 XPower,2020,MG #20 MG6,,12,,716,3.1,5.4,5.5,4.7,254,1260,410,FWD,F,2,I,4,T,False,L,Door45
358,1589,53,MGB GT,1966,MG MGB '66,,38,,226,1,1,1.1,1.1,71,1070,149,RWD,F,1.8,I,4,NA,False,L,Door23
357,1487,53,MGA Twin-Cam,1958,MG MGA '58,,27,,224,1,1,1.1,1,81,994,141,RWD,F,1.6,I,4,NA,True,L,Door23
362,3534,54,John Cooper Works GP,2021,MINI JCW GP '21,,20,,570,3.5,2.8,2.6,3.9,225,1295,450,FWD,F,2,I,4,T,False,L,Door23
361,2003,54,John Cooper Works GP,2012,MINI JCW GP '12,,20,,428,2.5,2.6,2.5,2.6,160,1160,280,FWD,F,1.6,I,4,T,False,L,Door23
360,1662,54,Cooper S,1965,MINI Cooper '65,,38,,219,1,1.3,1.1,1.2,56,671,108,FWD,F,1.3,I,4,NA,False,R,Door23
370,1009,55,Lancer Evolution X GSR,2008,Mit. Evo X '08,,22,Evo,496,3,2.8,2.8,3.2,227,1540,427,AWD,F,2,I,4,T,False,R,Door45
369,374,55,Lancer Evolution IX MR,2006,Mit. Evo IX '06,,22,Evo,490,3.7,2.7,2.7,2.9,213,1490,392,AWD,F,2,I,4,T,False,L,Door45
368,378,55,Lancer Evolution VIII MR,2004,Mit. Evo VIII 04,,3,Evo,496,3.2,2.8,2.8,3,206,1400,400,AWD,F,2,I,4,T,False,R,Door45
367,375,55,Lancer Evolution VI GSR,1999,Mit. Evo VI '99,,3,Evo,496,2.7,2.6,2.7,3.1,209,1280,407,AWD,F,2,I,4,T,False,R,Door45
366,349,55,FTO GP Version R,1998,Mit. FTO '98,,3,,355,2.9,1.6,2,2,147,1150,199,FWD,F,2,V,6,NA,False,R,Door23
365,357,55,GTO,1997,Mit. GTO '97,,3,,451,4.2,2.2,2.4,2.6,239,1695,427,AWD,F,3,V,6,TT,False,R,Door23
364,327,55,Eclipse GSX,1995,Mit. Eclipse '95,,3,,352,3.4,1.6,2,2,157,1451,290,AWD,F,2,I,4,T,False,L,Door23
595,3886,55,Lancer Evolution III GSR,1995,Mit. Evo III '95,,3,Evo,449,3.1,1.8,2,3,199,1260,309,AWD,F,2,I,4,T,False,R,Door45
363,1381,55,Galant VR-4,1992,Mit. Galant '92,,3,,341,2.2,1.4,1.5,2.2,177,1483,304,AWD,F,2,I,4,T,False,R,Door23
371,3366,56,EP9,2016,NIO EP9 '16,,21,,961,5.5,9.4,8.9,5.2,1000,1750,1479,AWD,MR,0,E,0,EV,False,L,Door23
401,3620,57,Z,2023,Nissan Z '23,RZ34,23,Nissan Z,546,5.8,2.6,2.9,3.5,298,1604,475,RWD,F,3,V,6,TT,False,L,Door23
400,3622,57,GT-R NISMO (R35),2020,Nissan GT-R N 20,R35,24,Nissan GT-R,722,6.6,3.5,3.3,5.6,447,1754,652,AWD,F,3.8,V,6,TT,False,L,Door23
399,3307,57,370Z Nismo,2019,Nissan 370Z N 19,Z34,23,Nissan Z,525,4.7,2.8,3,3.1,261,1537,374,RWD,F,3.7,V,6,NA,False,L,Door23
398,2874,57,Sentra NISMO,2018,Nissan Sentra 18,,22,,336,1.1,1.9,2,2.2,140,1378,240,FWD,F,1.6,I,4,T,False,L,Door45
396,2797,57,Altima Racecar,2017,Nissan Altima R,,47,,783,4.9,5.6,5.6,5.7,498,1410,658,RWD,F,5,V,8,NA,False,R,Door45
397,2618,57,GT-R (R35),2017,Nissan GT-R '17,R35,24,Nissan GT-R,702,6.5,3.3,3.2,5.5,421,1784,633,AWD,F,3.8,V,6,TT,False,L,Door23
395,2368,57,#23 GT-R LM NISMO,2015,Nissan #23 GTRLM,,9,Hybrid,978,6.6,10,10,7.6,573,970,1206,FWD,F,3,V,6,TT,False,C,Closed
394,344,57,Fairlady Z,2003,Nissan Z '03,Z33,3,Nissan Z,424,4.1,2.2,2.3,2.5,214,1501,370,RWD,F,3.5,V,6,NA,False,R,Door23
393,445,57,Skyline GT-R V-Spec II,2002,Nissan GT-R '02,R34,28,Nissan GT-R,535,4.5,2.7,2.9,3.1,206,1550,392,AWD,F,2.6,I,6,TT,False,R,Door23
392,441,57,Silvia Spec-R,2000,Nissan Silvia 0,S15,3,S-chassis,399,3.3,1.9,2.2,2.6,186,1240,275,RWD,F,2,I,4,T,False,R,Door23
519,3497,57,#23 NISMO Clarion R391,1999,Nissan #23 R391,,2,,955,6.5,9.8,10,7.5,447,967,618,RWD,MR,5,V,8,NA,True,R,Open
598,3363,57,#23 Pennzoil NISMO Skyline GT-R,1998,Nis. #23 GT-R,R33,15,,811,4,7,7.2,5.7,368,1200,706,RWD,F,2.7,I,6,TT,False,R,Door23
390,567,57,R390 (GT1),1998,Nissan R390 '98,,4,,796,7.2,4.5,4.8,7.2,410,1027,639,RWD,MR,3.5,V,8,TT,False,R,Door23
391,2659,57,Silvia K's Aero,1998,Nissan Silvia 98,S14 "Kouki",3,S-chassis,380,3.1,1.8,2.1,2.7,162,1265,274,RWD,F,2,I,4,T,False,R,Door23
389,1043,57,Skyline GT-R V-Spec,1997,Nissan GT-R '97,R33,28,Nissan GT-R,485,4.1,2.4,2.5,3,207,1539,367,AWD,F,2.6,I,6,TT,False,R,Door23
387,345,57,Fairlady Z Version S Twin Turbo,1994,Nissan Z '94,Z32,28,Nissan Z,398,3.7,1.8,2.2,2.8,206,1520,384,RWD,F,3,V,6,TT,False,R,Door23
388,440,57,Silvia K's,1994,Nissan Silvia 94,S14 "Zenki",3,S-chassis,381,3.2,1.8,2.1,2.7,162,1265,274,RWD,F,2,I,4,T,False,R,Door23
385,1282,57,240SX SE,1993,Nissan 240SX '93,S13,3,S-chassis,284,1.8,1.6,1.9,1.5,116,1322,217,RWD,F,2.4,I,4,NA,False,L,Door23
386,444,57,Skyline GT-R V-Spec,1993,Nissan GT-R '93,R32 "Godzilla",28,Nissan GT-R,505,3.6,2.6,2.5,3.2,206,1500,354,AWD,F,2.6,I,6,TT,False,R,Door23
384,439,57,Silvia CLUB K's,1992,Nissan Silvia 92,S13,3,S-chassis,339,2.6,1.6,2,2.2,151,1150,274,RWD,F,2,I,4,T,False,R,Door23
383,2483,57,#23 Nissan R91CP,1991,Nissan #23 R91CP,,14,,976,6.8,9.9,10,7.2,597,1005,784,RWD,MR,3.5,V,8,TT,False,R,Closed
382,3257,57,Pulsar GTI-R,1990,Nissan Pulsar 90,,3,,387,2,1.6,1.8,2.5,169,1240,283,AWD,F,2,I,4,T,False,R,Door23
593,3338,57,#24 Nissan Motorsports International R88C,1988,Nissan #24 R88C,,14,,955,7.5,9.5,10,7.8,551,940,736,RWD,MR,3,V,8,TT,False,R,Closed
381,2840,57,#33 Bob Sharp Racing 300ZX,1988,Nis. #33 300ZX,,15,Nissan Z,815,5.6,5.9,6.1,5.7,507,1245,690,RWD,F,3,V,6,T,False,L,Door23
380,2512,57,Skyline GTS-R (HR31),1987,Nissan GT-R '87,HR31,30,Nissan GT-R,333,3.1,1.7,1.9,2.1,154,1345,245,RWD,F,2,I,6,T,False,R,Door23
379,3018,57,#83 GTP ZX-Turbo,1985,Nissan #83 GTP,,14,,944,6.4,9.6,10,7.5,478,951,686,RWD,MR,3,V,6,TT,False,R,Closed
377,2801,57,#11 Tomica Skyline Turbo Super Silhouette,1984,#11 Skyline '84,R30,15,Nissan GT-R,803,4.4,6.3,6.5,5.8,419,1005,539,RWD,F,2.1,I,4,T,False,R,Door23
378,2482,57,#20 Bluebird Super Silhouette,1984,#20 Bluebird,,15,,808,4.9,6.1,6.3,6.1,419,1000,539,RWD,F,2.1,I,4,T,False,R,Door23
568,3362,57,#23 Nissan Motorsports Silvia Super Silhouette,1983,Nis. #23 Silvia,S12,15,S-chassis,800,5.2,5.8,6.1,5.9,419,1050,539,RWD,F,2.1,I,4,T,False,R,Door23
376,2270,57,Skyline H/T 2000GT-R,1973,Nissan GT-R '73,KPGC110 "Kenmeri",38,Nissan GT-R,275,1,1,1.1,1.9,118,1145,176,RWD,F,2,I,6,NA,False,R,Door23
375,1042,57,Skyline 2000GT-R,1971,Nissan GT-R '71,PGC10 "Hakosuka",38,Nissan GT-R,279,1.2,1,1.1,2,119,1100,180,RWD,F,2,I,6,NA,False,R,Door23
373,2269,57,#21 Nissan Racing R382,1969,Nissan #21 R382,,26,,816,6,5.9,6.3,7.1,441,966,608,RWD,MR,6,V,12,NA,True,R,Open
374,343,57,Fairlady Z 432,1969,Nissan Z 432 '69,S30,38,Nissan Z,277,1,1.4,1.5,1.8,119,1047,180,RWD,F,2,I,6,NA,False,R,Door23
372,2823,57,R380 II,1967,Nissan R380 II,,36,,578,4.2,2.3,3,4,162,640,210,RWD,MR,2,I,6,NA,False,R,Door23
403,3310,58,#75 Cutlass Supreme Trans Am,1990,Olds #75 Cutlass,,15,,814,6.2,5.6,5.9,5.9,485,1280,706,RWD,F,5.9,V,8,NA,False,L,Door23
402,1336,58,Hurst/Olds 442,1969,Olds 442 '69,,31,,353,1.5,1.1,1.2,2.7,286,1749,678,RWD,F,7.4,V,8,NA,False,L,Door23
404,2160,59,Kadett C GT/E,1979,Opel Kadett '79,,38,,251,1,1,1.2,1.5,85,920,161,RWD,F,2,I,4,NA,False,L,Door23
526,2967,82,#38 Jackie Chan DC Racing Oreca 07,2017,Oreca #38 07,,10,,938,6.5,9.3,9.4,7.6,450,956,555,RWD,MR,4.2,V,8,NA,False,L,Closed
547,3543,60,Huayra R,2022,Pagani Huayra 22,,21,,925,8.7,7,7.2,8,625,1110,750,RWD,MR,6,V,12,NA,False,L,Door23
405,2647,60,Huayra BC,2016,Pagani Huayra 16,,21,,871,8.1,5.8,5.9,7.7,552,1218,999,RWD,MR,6,V,12,TT,False,L,Door23
574,1369,60,Zonda Cinque Roadster,2009,Pagani Zonda C,,21,,821,6.2,5.3,5.4,6.7,498,1280,780,RWD,MR,7.3,V,12,NA,False,L,Door23
533,3243,61,#7 DG Sport Compétition 308,2018,Peugeot #7 308,,12,,716,2.8,5.4,5.5,4.7,256,1265,420,FWD,F,1.6,I,4,T,False,L,Door45
408,1348,61,308 GTI,2011,Peugeot 308 '11,,20,,302,2.2,1.5,1.6,1.9,147,1412,275,FWD,F,1.6,I,4,T,False,L,Door45
407,550,61,#3 Peugeot Talbot Sport 905 EVO 1C,1993,Peugeot #3 905C,,14,,973,6.8,10,10,8.8,478,825,487,RWD,MR,3.5,V,10,NA,False,R,Closed
406,1591,61,205 Turbo 16,1984,Peugeot 205 '84,,16,,398,1.6,2.1,1.9,2.7,149,1145,254,AWD,MR,1.8,I,4,T,False,L,Door23
409,1277,62,Cuda 426 HEMI,1971,Plymouth Cuda 71,,37,,377,2.9,1.1,1.2,3.1,317,1760,664,RWD,F,7,V,8,NA,False,L,Door23
410,1331,62,GTX 426 HEMI,1971,Plymouth GTX '71,,31,,373,3.5,1,1.2,3.1,317,1665,665,RWD,F,7,V,8,NA,False,L,Door23
415,1065,63,Firebird Trans Am Ram Air,2002,Pontiac T/A '02,,30,,444,3.8,2.1,2.5,2.6,242,1585,475,RWD,F,5.7,V,8,NA,False,L,Door23
414,1045,63,Firebird Trans Am GTA,1987,Pontiac T/A '87,,30,,319,2.6,1.7,2,2,157,1601,427,RWD,F,5.7,V,8,NA,False,L,Door23
413,1005,63,Firebird Trans Am SD-455,1973,Pontiac T/A '73,,37,,358,2.7,1.1,1.3,2.8,278,1676,651,RWD,F,7.5,V,8,NA,False,L,Door23
411,1337,63,Firebird Trans Am,1969,Pontiac T/A '69,,37,,345,1.9,1.1,1.2,2.7,257,1552,584,RWD,F,6.6,V,8,NA,False,L,Door23
412,1309,63,GTO Judge,1969,Pontiac GTO '69,,31,,349,1.5,1.1,1.2,2.7,272,1654,604,RWD,F,6.5,V,8,NA,False,L,Door23
591,3876,64,#5 Porsche Penske Motorsport 963,2024,#5 Porsche 963,,11,,957,7,9.7,9.8,8.2,500,1120,660,RWD,MR,4.6,V,8,TT,False,L,Door23
567,3760,64,718 Cayman GT4 RS,2022,P. 718 GT4 '22,982,23,,730,6.3,4.3,4.3,5.5,368,1415,450,RWD,MR,4,F,6,NA,False,R,Door23
448,3667,64,911 GT3,2021,P. 911 GT3 '21,992,24,911,737,6.1,4.7,4.5,5.4,375,1435,469,RWD,R,4,F,6,NA,False,L,Door23
449,3698,64,Mission R,2021,Porsche MissionR,,17,,879,4.2,6,5.9,6.1,500,1500,1005,AWD,MR,0,E,0,EV,False,L,Door23
447,3445,64,Taycan Turbo S,2020,P. Taycan '20,,29,,749,3.7,3.1,2.9,7.7,561,2323,1049,AWD,R,0,E,0,EV,False,L,Door45
586,3214,64,#70 Porsche Motorsport 935,2019,Porsche #70 935,,19,,819,6.5,5.7,5.8,7.1,515,1380,746,RWD,R,3.8,F,6,TT,False,L,Door23
444,3123,64,911 Carrera S,2019,P. 911 CS '19,992,24,911,685,6.3,3.6,3.6,5.2,331,1480,530,RWD,R,3,F,6,TT,False,L,Door23
445,3072,64,911 GT3 RS,2019,P. 911 GT3 RS 19,992,24,911,756,5.7,5.2,4.9,5.8,383,1430,469,RWD,R,4,F,6,NA,False,L,Door23
446,3215,64,911 Speedster,2019,P. 911 S '19,991.2,24,911,689,6.5,3.8,3.6,4.9,375,1465,470,RWD,R,4,F,6,NA,False,L,Door23
440,3218,64,#73 Park Place Motorsports 911 GT3 R,2018,Porsche #73 GT3,991.2,45,911,801,4.9,6.2,6.4,5.7,368,1310,458,RWD,R,4,F,6,NA,False,L,Door23
441,3117,64,718 Cayman GTS,2018,P. 718 GTS '18,982,23,,608,5.1,3,2.9,4.5,269,1405,430,RWD,MR,2.5,F,4,T,False,L,Door23
442,2755,64,911 GT2 RS,2018,P. 911 GT2 RS 18,991.2,24,911,803,7.1,5.1,4.8,7.4,515,1450,750,RWD,R,3.8,F,6,TT,False,L,Door23
443,3807,64,911 GT2 RS Forza Edition,2018,Porsche 911 FE,991.2,24,911,900,9.1,5.9,5.6,8.3,780,1465,1079,RWD,R,3.8,F,6,TT,False,L,Door23
437,2774,64,#2 Porsche Team 919 Hybrid,2017,Porsche #2 919,,9,Hybrid,999,6.7,10,10,10,671,922,1493,AWD,MR,2,V,4,T,False,L,Closed
438,2775,64,#92 Porsche GT Team 911 RSR,2017,Porsche #92 RSR,991.2,44,911,811,4.7,6.6,6.7,5.9,375,1319,462,RWD,MR,4,F,6,NA,False,L,Door23
439,2741,64,Panamera Turbo,2017,P. Panamera '17,971,29,,643,6.8,3,2.6,4.9,410,1995,769,AWD,F,4,V,8,TT,False,L,Door45
590,2528,64,911 GT3 RS,2016,911 GT3 RS '16,991.1,24,911,748,5.8,5,4.7,5.7,368,1420,460,RWD,R,4,F,6,NA,False,L,Door23
436,2538,64,#91 Porsche Team Manthey 991 RSR,2015,Porsche #91 RSR,991.1,44,911,806,4.5,6.3,6.4,6.2,365,1306,447,RWD,R,4,F,6,NA,False,L,Door23
584,2293,64,Cayman GTS,2015,Porsche Cayman,,23,,585,4.7,3.1,3,4.1,254,1345,380,RWD,MR,3.4,F,6,NA,False,L,Door23
566,2289,64,911 Turbo S,2014,911 Turbo '14,991.1,24,911,717,7,3.6,3.3,5.5,418,1636,750,AWD,R,3.8,F,6,TT,False,L,Door23
435,2290,64,918 Spyder,2014,P. 918 Spyder 14,,18,Hybrid,852,7,5.3,5,8.5,666,1675,1281,AWD,MR,4.6,V,8,NA,False,L,Door23
434,1539,64,911 GT2 RS,2012,P. 911 GT2 RS 12,997.2,24,911,774,6.9,4.7,4.3,6.4,456,1370,700,RWD,R,3.6,F,6,TT,False,L,Door23
433,263,64,911 GT3,2007,P. 911 GT3 '07,997.1,28,911,657,6,3.5,3.4,4.4,309,1395,405,RWD,R,3.6,F,6,NA,False,L,Door23
432,262,64,911 GT3,2004,P. 911 GT3 '04,996,28,911,611,5.7,3.2,3.2,3.9,284,1433,385,RWD,R,3.6,F,6,NA,False,L,Door23
431,292,64,Carrera GT,2003,P.CarreraGT '03,,4,,750,6.6,4.5,4.2,5.6,451,1478,590,RWD,MR,5.7,V,10,NA,False,L,Door23
430,641,64,911 GT1 Strassenversion,1997,P. 911 GT1 '97,996,1,911,773,5.4,5.6,5.4,5.5,400,1200,599,RWD,MR,3.2,F,6,TT,False,L,Door23
521,261,64,911 GT2,1995,P. 911 GT2 '95,993,28,911,640,4.7,3.4,3.3,4.7,316,1295,540,RWD,R,3.6,F,6,TT,False,L,Door23
427,2794,64,911 Turbo S Leichtbau,1993,P. 911 Turbo '93,964,28,911,626,4.9,3.1,3.2,4.6,284,1290,470,RWD,R,3.3,F,6,T,False,L,Door23
428,2535,64,928 GTS,1993,P. 928 GTS '93,,30,,464,4.5,2,2.2,3.3,257,1630,500,RWD,F,5.4,V,8,NA,False,L,Door23
429,2534,64,968 Turbo S,1993,P. 968 Turbo '93,,30,,534,4.2,2.6,2.8,3.7,227,1300,500,RWD,F,3,I,4,T,False,L,Door23
426,268,64,944 Turbo,1989,P. 944 Turbo '89,,30,,429,3.3,2.1,2.3,3.1,184,1413,350,RWD,F,2.5,I,4,T,False,L,Door23
424,540,64,#17 Porsche AG 962C,1987,Porsche #17 962C,,14,,971,8.9,9.1,9.6,8.3,537,890,801,RWD,MR,3,F,6,TT,False,R,Closed
425,269,64,959,1987,P. 959 '87,,4,,687,6,3.2,3.1,5.1,336,1447,500,AWD,R,2.8,F,6,TT,False,L,Door23
546,3023,64,#11 John Fitzpatrick Racing 956,1983,Porsche #11 956,,14,,959,9,8.7,9.4,8.2,462,894,601,RWD,MR,2.6,F,6,TT,False,L,Closed
423,265,64,911 Turbo 3.3,1982,P. 911 Turbo '82,930,28,911,448,2.9,2,2,3.5,221,1300,412,RWD,R,3.3,F,6,T,False,L,Door23
422,2532,64,924 Carrera GTS,1980,P. 924 GTS '80,,30,,427,3.5,1.9,2.1,3.1,183,1120,335,RWD,F,2,I,4,T,False,L,Door23
560,3506,64,#1 911 RSR,1974,#1 Porsche 911,,15,911,705,3.5,5.3,5.3,5,246,982,314,RWD,R,3,F,6,NA,False,L,Door23
421,260,64,911 Carrera RS,1973,P. 911 RS '73,911,38,911,371,2.3,1.6,1.8,2.9,154,1111,255,RWD,R,2.7,F,6,NA,False,L,Door23
419,2549,64,#3 917 LH,1970,Porsche 917 LH,,35,,857,8.7,5.3,5.8,9.2,448,927,563,RWD,MR,5,F,12,NA,False,R,Closed
420,266,64,914/6,1970,P. 914/6 '70,,38,,265,1,1.2,1.3,1.6,93,996,178,RWD,MR,2,F,6,NA,False,L,Door23
418,2537,64,718 RS 60,1960,Porsche 718,,36,,536,2.7,2.7,3,3.8,119,581,163,RWD,MR,1.6,F,4,NA,True,L,Door23
417,2299,64,356A Speedster,1957,P. 356A S '57,,27,,223,1,1.5,1.6,1,45,760,110,RWD,R,1.6,F,4,NA,True,L,Door23
416,1281,64,550 Spyder,1955,P. 550 S '55,,27,,271,1.3,1.5,1.9,1.4,81,685,129,RWD,MR,1.5,F,4,NA,True,L,Door23
450,2486,65,RXC Turbo,2015,Radical RXC '15,,33,,891,4.9,7.2,7.3,7.4,339,940,678,RWD,MR,3.5,V,6,TT,False,L,Closed
451,3196,66,Tachyon Speed,2019,RAESR TS '19,,21,,941,8,5.9,5.8,6.1,933,1338,4953,AWD,MR,0,E,0,EV,False,C,Closed
458,3134,67,Megane R.S.,2018,Ren. Megane '18,,20,,446,3.1,2.5,2.7,2.8,205,1430,389,FWD,F,1.8,I,4,T,False,L,Door45
457,3182,67,Clio R.S. 16 Concept,2016,Ren. Clio '16,,20,,526,2.9,3.2,3.4,3,201,1205,359,FWD,F,2,I,4,T,False,L,Door45
456,3129,67,Megane R26.R,2008,Ren. Megane '08,,20,,512,2.6,3.2,3.4,2.8,169,1230,309,FWD,F,2,I,4,T,False,L,Door23
455,453,67,Sport Clio V6,2003,Ren. Clio '03,Phase 2,20,,384,2.6,2.2,2.2,2.4,187,1400,300,RWD,MR,2.9,V,6,NA,False,L,Door23
454,2149,67,Clio Williams,1993,Ren. Clio '93,,16,,298,1.2,1.6,1.8,1.8,106,1013,175,FWD,F,2,I,4,NA,False,R,Door23
453,634,67,5 Turbo,1980,Ren. 5 Turbo '80,,16,,316,1,1.8,1.9,2.4,117,970,221,RWD,MR,1.4,I,4,T,False,L,Door23
579,3403,67,#15 Equipe Renault Elf R.S. 01,1977,Renault #15 RS01,,6,,828,5,6.8,6.5,7.7,373,770,372,RWD,MR,1.5,V,6,T,True,C,Open
452,3395,67,8 Gordini,1967,Ren. 8 G '67,,38,,228,1,1.2,1,1.2,77,855,117,RWD,R,1.3,I,4,NA,False,L,Door45
460,3625,68,Nevera,2021,Rimac Nevera '21,,21,,886,9.4,4.1,4,4.3,1408,2150,2360,AWD,MR,0,E,0,EV,False,L,Door23
459,3140,68,Concept Two,2019,Rimac Concept 2,,21,,908,8.9,4.2,4,10,1407,1950,2298,AWD,MR,0,E,0,EV,False,L,Door23
462,3276,69,S1,2018,Saleen S1 '18,,24,,694,4.4,4.3,4.3,5.1,336,1218,599,RWD,MR,2.5,I,4,T,False,L,Door23
620,3278,69;32,S302 Black Label,2018,Saleen S302,,25,Mustang,681,7.3,3,3,4.8,582,1717,855,RWD,F,5,V,8,DSC,False,L,Door23
535,3498,69,S7 LM,2017,Saleen S7 LM,,18,,860,9.2,5.4,5.4,7.2,746,1338,1153,RWD,MR,7,V,8,TT,False,L,Door23
461,432,69,S7,2004,Saleen S7 '04,,4,,753,7.8,4.3,4.5,5.9,429,1250,773,RWD,MR,7,V,8,NA,False,L,Door23
614,3696,70;32,GT 500,1967,Shelby GT500 '67,,37,Mustang,336,2.7,1.1,1.1,2.7,265,1721,570,RWD,F,7,V,8,NA,False,L,Door23
464,306,70,Cobra 427 S/C,1965,Shelby Cobra 427,,36,,543,3.7,1.7,2.2,4.4,317,1147,678,RWD,F,7,V,8,NA,True,L,Door23
465,1155,70,Cobra Daytona Coupe,1965,Shelby Daytona,,36,,619,5,3.1,3.7,3.5,291,1141,463,RWD,F,4.7,V,8,NA,False,L,Door23
463,3079,70,Monaco King Cobra,1963,Shelby Monaco KC,,35,,793,5.4,5.4,5.7,6.6,298,590,450,RWD,MR,4.7,V,8,NA,True,R,Open
536,2475,87,GTA Spano,2016,GTA Spano,,18,,848,9.2,5.3,5.2,7.1,680,1450,1220,RWD,MR,8,V,10,TT,False,L,Door23
144,1562,83;26,Viper GTS,2013,SRT Viper '13,VX,24,Viper,710,6.7,3.7,3.9,5,477,1495,813,RWD,F,8.4,V,10,NA,False,L,Door23
476,3735,71,BRZ,2022,SUBARU BRZ '22,ZD8,22,Toyota 86,428,2.4,2.4,2.7,2.7,170,1286,250,RWD,F,2.4,F,4,NA,False,L,Door23
474,3412,71,STI S209,2019,SUBARU STI '19,VA,22,WRX,547,3.4,3.1,3.1,3.3,254,1581,447,AWD,F,2.5,F,4,T,False,L,Door45
475,3804,71,STI S209 Forza Edition,2019,SUBARU STI FE,VA,22,WRX,600,3.2,4.1,4.2,3.5,272,1645,479,AWD,F,2.5,F,4,T,False,L,Door45
473,3272,71,#1 Adrian Flux SUBARU Racing Levorg GT,2018,SUBARU #1 Levorg,,12,,673,3.1,5.4,5.5,3.7,261,1260,400,RWD,F,2,F,4,T,False,L,Door45
472,2168,71,WRX STI,2015,SUBARU WRX '15,VA,22,WRX,507,3.6,2.5,2.6,3.1,227,1536,393,AWD,F,2.5,F,4,T,False,L,Door45
471,1655,71,BRZ,2013,SUBARU BRZ '13,ZC6,22,Toyota 86,354,2,2.1,2.4,2.2,147,1254,205,RWD,F,2,F,4,NA,False,L,Door23
470,1323,71,WRX STI,2011,SUBARU WRX '11,GV,22,WRX,473,3.7,2.2,2.3,2.8,227,1535,394,AWD,F,2.5,F,4,T,False,L,Door45
469,1060,71,IMPREZA WRX STI,2008,SUBARU WRX '08,GR,22,WRX,476,3,2.3,2.3,3.1,227,1540,454,AWD,F,2.5,F,4,T,False,L,Door45
594,365,71,IMPREZA WRX STI,2005,SUBARU WRX '05,GD,22,WRX,503,3.5,2.2,2.4,3.3,206,1460,422,AWD,F,2,F,4,T,False,R,Door45
468,364,71,IMPREZA WRX STI,2004,SUBARU WRX '04,GD,3,WRX,490,3.3,2.2,2.2,3.3,207,1460,394,AWD,F,2,F,4,T,False,R,Door45
467,363,71,Impreza 22B-STi Version,1998,SUBARU 22B '98,GC,3,WRX,511,2.6,2.7,2.8,3.2,206,1270,360,AWD,F,2.2,F,4,T,False,R,Door23
466,1382,71,LEGACY RS,1990,SUBARU LEGACY 90,,3,,323,2.2,1.4,1.6,1.9,162,1355,270,AWD,F,2,F,4,T,False,R,Door45
616,3993,72,NASCAR Next Gen Camry XSE,2024,NASCAR Camry XSE,,43,,855,6,7,7,5.5,500,1508,638,RWD,F,5.9,V,8,NA,False,L,Closed
491,3402,72,GR Supra,2020,Toyota Supra '20,Mk5 J29,23,Supra,578,4,3.1,3.2,4,250,1541,495,RWD,F,3,I,6,T,False,L,Door23
571,3418,72,86 TRD SE,2019,Toyota 86 '19,ZN8,22,Toyota 86,376,2,2.5,2.5,2.3,153,1287,212,RWD,F,2,F,4,NA,False,L,Door23
490,2302,72,#8 Toyota Racing TS040 HYBRID,2014,Toyota #8 TS040,,9,Hybrid,981,6.4,9.9,10,10,585,925,1000,AWD,MR,3.7,V,8,NA,False,L,Closed
489,295,72,Celica Sport Specialty II,2003,Toyota Celica 03,T230,3,Celica,329,2.3,1.5,1.8,2,140,1120,180,FWD,F,1.8,I,4,NA,False,R,Door23
488,555,72,#3 Toyota Motorsports GT-ONE TS020,1999,#3 Toyota GT-ONE,,2,,943,6.6,9.1,9.3,7.7,447,970,650,RWD,R,3.6,V,8,TT,False,R,Closed
487,461,72,Supra RZ,1998,Toyota Supra '98,Mk4 A80,28,Supra,470,4.5,2.2,2.4,3.1,239,1510,427,RWD,F,3,I,6,TT,False,R,Door23
486,398,72,MR2 GT,1995,Toyota MR2 '95,W20,3,,375,3.4,1.6,1.9,2.6,180,1260,309,RWD,MR,2,I,4,T,False,R,Door23
485,1034,72,Celica GT-Four ST205,1994,Toyota Celica 94,T200,3,Celica,368,3.1,1.8,1.9,2.2,190,1440,304,AWD,F,2,I,4,T,False,R,Door23
482,2434,72,#99 All American Racers Toyota Eagle Mk III,1992,Toyota #99 Eagle,,14,,981,5.6,10,10,8.3,560,920,780,RWD,MR,2.1,I,4,T,False,L,Closed
483,1517,72,Celica GT-Four RC ST185,1992,Toyota Celica 92,T180,3,Celica,339,2.7,1.6,1.9,1.9,173,1460,304,AWD,F,2,I,4,T,False,R,Door23
484,460,72,Supra 2.0 GT,1992,Toyota Supra '92,Mk3 A70,3,Supra,327,2.6,1.7,1.9,2.1,154,1510,275,RWD,F,2,I,6,TT,False,R,Door23
481,1395,72,MR2 SC,1989,Toyota MR2 '89,W10,3,,296,1.9,1.5,1.7,1.9,108,1188,190,RWD,MR,1.6,I,4,DSC,False,L,Door23
480,455,72,Sprinter Trueno GT Apex,1985,Toyota AE86 '85,AE86,16,Toyota 86,270,1,1.3,1.5,1.5,95,950,149,RWD,F,1.6,I,4,NA,False,R,Door23
478,1592,72,Celica GT,1974,Toyota Celica 74,A30,38,Celica,227,1,1.1,1.2,1.1,72,1085,144,RWD,F,2,I,4,NA,False,L,Door23
479,1537,72,Corolla SR5,1974,Toyota Corolla74,,38,,181,1,1.2,1,1,66,937,123,RWD,F,1.6,I,4,NA,False,L,Door23
477,247,72,2000GT,1969,Toyota 2000 '69,,27,,265,1.2,1,1.2,1.5,112,1157,176,RWD,F,2,I,6,NA,False,R,Door23
492,2993,73,Griffith,2018,TVR Grifith '18,,24,,667,5.9,3.3,3.3,4.8,358,1250,584,RWD,F,5,V,8,NA,False,R,Door23
493,2569,74,Evolution Coupe 1020,2015,Ultima Evo '15,,33,,903,9.1,5.4,5.8,7.2,761,950,1247,RWD,MR,6.8,V,8,DSC,False,L,Closed
498,3231,75,#66 Power Maxed TAG Racing Astra,2017,#66 Astra,,12,,702,3.3,5.3,5.5,4.2,261,1260,427,FWD,F,2,I,4,T,False,L,Door45
497,2427,75,Corsa VXR,2016,Vaux Corsa '16,,20,,354,1.8,2.1,2,2.3,151,1293,279,FWD,F,1.6,I,4,T,False,R,Door23
496,1490,75,Astra VXR,2012,Vaux Astra '12,,20,,447,3.1,2.6,2.4,2.7,206,1475,397,FWD,F,2,I,4,T,False,R,Door23
495,278,75,Astra VXR,2006,Vaux Astra '06,,20,,386,2.6,2,2,2.5,176,1393,320,FWD,F,2,I,4,T,False,R,Door23
494,291,75;44,Lotus Carlton,1990,Vaux Carlton '90,,30,,499,4.8,2.1,2.3,3.3,283,1652,568,RWD,F,3.6,I,6,TT,False,R,Door45
509,3533,76,Golf R,2022,VW Golf R '22,Mk8 CD1,20,Golf,489,4.2,2.6,2.5,2.7,235,1550,380,AWD,F,2,I,4,T,False,L,Door45
508,3413,76,Golf R,2021,VW Golf R '21,Mk7 5G,20,Golf,488,3.6,2.4,2.5,2.8,215,1497,380,AWD,F,2,I,4,T,False,L,Door45
507,3161,76,#22 Experion Racing Golf GTI,2018,VW #22 Golf GTI,Mk7 5G,12,Golf,704,2.7,5.4,5.5,4.6,257,1245,420,FWD,F,2,I,4,T,False,L,Door45
506,2142,76,Golf R,2014,VW Golf R '14,Mk6 5K,20,Golf,483,3.5,2.3,2.3,2.9,221,1401,380,AWD,F,2,I,4,T,False,L,Door23
505,354,76,Golf R32,2003,VW Golf R32 '03,Mk4 1J,20,Golf,395,3.1,2,2.1,2.4,177,1558,320,AWD,F,3.2,VR,6,NA,False,L,Door23
504,1383,76,GTI VR6 Mk3,1998,VW GTI Mk3 '98,Mk3 1H,16,Golf,302,1.9,1.5,1.7,2,128,1270,235,FWD,F,2.8,VR,6,NA,False,L,Door23
503,309,76,Corrado VR6,1995,VW Corrado '95,,16,,340,2.5,1.6,1.9,2,133,1240,240,FWD,F,2.8,VR,6,NA,False,L,Door23
502,353,76,Golf Gti 16v Mk2,1992,VW GTI Mk2 '92,Mk2 1G,16,Golf,286,1,1.4,1.6,1.7,104,1001,163,FWD,F,1.8,I,4,NA,False,L,Door23
501,1612,76,Scirocco 16v,1988,VW Scirocco '88,53B,16,,263,1,1.3,1.5,1.3,92,1073,163,FWD,F,1.8,I,4,NA,False,L,Door23
500,2995,76,Golf GTI,1983,VW GTI Mk1 '83,Mk1 17,16,Golf,264,1,1.3,1.5,1.4,84,866,148,FWD,F,1.8,I,4,NA,False,L,Door23
499,1380,76,Scirocco S,1981,VW Scirocco '81,53,16,,222,1,1,1.2,1,55,914,121,FWD,F,1.7,I,4,NA,False,L,Door23
510,1387,77,850 R,1997,Volvo 850 R '97,,30,,332,2.8,1.6,1.8,2.3,179,1465,300,FWD,F,2.3,I,5,T,False,L,Door45
511,2844,78,05RR,2017,Vuhl 05RR '17,,33,,785,3.9,5.2,5.2,7,298,695,500,RWD,MR,2.3,I,4,T,True,L,Open
512,3547,79,P7,2020,Xpeng P7 '20,,25,,558,1,2.5,2.6,2.7,316,2060,655,AWD,R,0,E,0,EV,False,L,Door45
513,3212,80,TSR-S,2019,Zenvo TSR-S,,21,,868,8.9,5.4,5.2,7.6,878,1547,1100,RWD,MR,5.8,V,8,DSC,False,L,Door23
